season,season_type,week,week_name_abbr,game_id,game_key,smart_id,game_date,game_time,game_time_eastern,iso_time,home_team_id,home_team_abbr,home_display_name,home_nickname,visitor_team_id,visitor_team_abbr,visitor_display_name,visitor_nickname,phase,home_score,visitor_score,site_id,site_full_name,site_city,site_state,roof_type,network_channel,ngs_game,validated
2026,PRE,0,HOF,2026080651,60450,c66cf251-5f68-11f1-b1d0-bb70a4640075,08/06/2026,2026-08-07T00:00:00Z,20:00:00,1786060800000,3800,AZ,Arizona Cardinals,Cardinals,0750,CAR,Carolina Panthers,Panthers,FINAL,30,33,1900,Tom Benson Hall of Fame Stadium,Canton,OH,OUTDOOR,NBC,true,true
2026,PRE,1,P1,2026081351,60451,c66df6a7-5f68-11f1-b1d0-bb70a4640075,08/13/2026,2026-08-13T23:00:00Z,19:00:00,1786662000000,0920,CIN,Cincinnati Bengals,Bengals,1540,DET,Detroit Lions,Lions,FINAL,16,14,3530,Paycor Stadium,Cincinnati,OH,OUTDOOR,"",true,true
2026,PRE,1,P1,2026081352,60452,c66dfc69-5f68-11f1-b1d0-bb70a4640075,08/13/2026,2026-08-13T23:00:00Z,19:00:00,1786662000000,3900,PIT,Pittsburgh Steelers,Steelers,1800,GB,Green Bay Packers,Packers,FINAL,28,9,5411,Acrisure Stadium,Pittsburgh,PA,OUTDOOR,NFL NETWORK,true,true
2026,PRE,1,P1,2026081353,60453,c66dfe7a-5f68-11f1-b1d0-bb70a4640075,08/13/2026,2026-08-13T23:30:00Z,19:30:00,1786663800000,3200,NE,New England Patriots,Patriots,2200,IND,Indianapolis Colts,Colts,FINAL,13,13,1065,Gillette Stadium,Foxborough,MA,OUTDOOR,"",true,true
2026,PRE,1,P1,2026081354,60454,c66e0006-5f68-11f1-b1d0-bb70a4640075,08/13/2026,2026-08-14T00:00:00Z,20:00:00,1786665600000,2120,HOU,Houston Texans,Texans,4400,LAC,Los Angeles Chargers,Chargers,FINAL,7,27,3698,Reliant Stadium,Houston,TX,OUTDOOR,"",true,true
2026,PRE,1,P1,2026081355,60455,c66e0191-5f68-11f1-b1d0-bb70a4640075,08/13/2026,2026-08-14T00:00:00Z,20:00:00,1786665600000,2520,LV,Las Vegas Raiders,Raiders,3800,AZ,Arizona Cardinals,Cardinals,FINAL,14,27,1510,Allegiant Stadium,Paradise,NV,INDOOR,"",true,true
2026,PRE,1,P1,2026081356,60456,c66e0345-5f68-11f1-b1d0-bb70a4640075,08/13/2026,2026-08-14T01:00:00Z,21:00:00,1786669200000,4500,SF,San Francisco 49ers,49ers,2100,TEN,Tennessee Titans,Titans,FINAL,13,19,2099,Levi's® Stadium,Santa Clara,CA,OUTDOOR,NFL NETWORK,true,true
2026,PRE,1,P1,2026081451,60457,c66e04a7-5f68-11f1-b1d0-bb70a4640075,08/14/2026,2026-08-14T23:00:00Z,19:00:00,1786748400000,0200,ATL,Atlanta Falcons,Falcons,1400,DEN,Denver Broncos,Broncos,FINAL,7,27,2076,Mercedes-Benz Stadium,Atlanta,GA,INDOOR,"",true,true
2026,PRE,1,P1,2026081452,60458,c66e0617-5f68-11f1-b1d0-bb70a4640075,08/14/2026,2026-08-14T23:00:00Z,19:00:00,1786748400000,3430,NYJ,New York Jets,Jets,4900,TB,Tampa Bay Buccaneers,Buccaneers,FINAL,16,24,3757,MetLife Stadium,East Rutherford,NJ,OUTDOOR,NFL NETWORK,true,true
2026,PRE,1,P1,2026081453,60459,c66e0778-5f68-11f1-b1d0-bb70a4640075,08/14/2026,2026-08-14T23:00:00Z,19:00:00,1786748400000,5110,WAS,Washington Commanders,Commanders,2700,MIA,Miami Dolphins,Dolphins,FINAL,20,7,2389,Northwest Stadium,Landover,MD,OUTDOOR,"",true,true
2026,PRE,1,P1,2026081551,60460,c6e8525d-5f68-11f1-b1d0-bb70a4640075,08/15/2026,2026-08-15T17:00:00Z,13:00:00,1786813200000,0610,BUF,Buffalo Bills,Bills,0750,CAR,Carolina Panthers,Panthers,FINAL,29,14,5780,Highmark Stadium,Orchard Park,NY,OUTDOOR,"",true,true
2026,PRE,1,P1,2026081552,60461,c6e85e19-5f68-11f1-b1d0-bb70a4640075,08/15/2026,2026-08-15T17:00:00Z,13:00:00,1786813200000,0810,CHI,Chicago Bears,Bears,1050,CLE,Cleveland Browns,Browns,FINAL,34,10,4620,Soldier Field,Chicago,IL,OUTDOOR,NFL NETWORK,true,true
2026,PRE,1,P1,2026081553,60462,c6e86329-5f68-11f1-b1d0-bb70a4640075,08/15/2026,2026-08-15T17:00:00Z,13:00:00,1786813200000,3410,NYG,New York Giants,Giants,3000,MIN,Minnesota Vikings,Vikings,FINAL,10,13,3757,MetLife Stadium,East Rutherford,NJ,OUTDOOR,"",true,true
2026,PRE,1,P1,2026081554,60463,c6e8671a-5f68-11f1-b1d0-bb70a4640075,08/15/2026,2026-08-15T20:00:00Z,16:00:00,1786824000000,2310,KC,Kansas City Chiefs,Chiefs,2510,LAR,Los Angeles Rams,Rams,FINAL,12,20,1552,Arrowhead Stadium,Kansas City,MO,OUTDOOR,NFL NETWORK,true,true
2026,PRE,1,P1,2026081555,60464,c6e86ad0-5f68-11f1-b1d0-bb70a4640075,08/15/2026,2026-08-15T20:00:00Z,16:00:00,1786824000000,3300,NO,New Orleans Saints,Saints,2250,JAX,Jacksonville Jaguars,Jaguars,FINAL,20,24,2870,Caesars Superdome,New Orleans,LA,INDOOR,"",true,true
2026,PRE,1,P1,2026081556,60465,c6e87008-5f68-11f1-b1d0-bb70a4640075,08/15/2026,2026-08-15T23:00:00Z,19:00:00,1786834800000,0325,BAL,Baltimore Ravens,Ravens,3700,PHI,Philadelphia Eagles,Eagles,FINAL,24,7,3695,M&T Bank Stadium,Baltimore,MD,OUTDOOR,"",true,true
2026,PRE,1,P1,2026081557,60466,c6e875cc-5f68-11f1-b1d0-bb70a4640075,08/15/2026,2026-08-16T00:00:00Z,20:00:00,1786838400000,4600,SEA,Seattle Seahawks,Seahawks,1200,DAL,Dallas Cowboys,Cowboys,FINAL,7,17,5315,Lumen Field,Seattle,WA,OUTDOOR,NFL NETWORK,true,true
2026,PRE,2,P2,2026082051,60467,c6e87a3d-5f68-11f1-b1d0-bb70a4640075,08/20/2026,2026-08-21T00:00:00Z,20:00:00,1787270400000,2120,HOU,Houston Texans,Texans,2520,LV,Las Vegas Raiders,Raiders,FINAL,20,22,3698,Reliant Stadium,Houston,TX,OUTDOOR,ESPN,true,true
2026,PRE,2,P2,2026082052,60468,c6e87f75-5f68-11f1-b1d0-bb70a4640075,08/20/2026,2026-08-21T02:00:00Z,22:00:00,1787277600000,4400,LAC,Los Angeles Chargers,Chargers,4500,SF,San Francisco 49ers,49ers,FINAL,17,41,3005,SoFi Stadium,Inglewood,CA,OUTDOOR,NFL NETWORK,true,true
2026,PRE,2,P2,2026082151,60469,c6e883ae-5f68-11f1-b1d0-bb70a4640075,08/21/2026,2026-08-21T23:00:00Z,19:00:00,1787353200000,3900,PIT,Pittsburgh Steelers,Steelers,3430,NYJ,New York Jets,Jets,FINAL,0,17,5411,Acrisure Stadium,Pittsburgh,PA,OUTDOOR,NFL NETWORK,true,true
2026,PRE,2,P2,2026082152,60470,c71ae5b9-5f68-11f1-b1d0-bb70a4640075,08/21/2026,2026-08-21T23:30:00Z,19:30:00,1787355000000,2250,JAX,Jacksonville Jaguars,Jaguars,0750,CAR,Carolina Panthers,Panthers,FINAL,17,34,2049,EverBank Stadium,Jacksonville,FL,OUTDOOR,,true,true
2026,PRE,2,P2,2026082153,60471,c71af19d-5f68-11f1-b1d0-bb70a4640075,08/21/2026,2026-08-22T01:00:00Z,21:00:00,1787360400000,1400,DEN,Denver Broncos,Broncos,1800,GB,Green Bay Packers,Packers,FINAL,13,33,5786,Empower Field at Mile High,Denver,CO,OUTDOOR,NFL NETWORK,true,true
2026,PRE,2,P2,2026082251,60472,c71af76f-5f68-11f1-b1d0-bb70a4640075,08/22/2026,2026-08-22T16:00:00Z,12:00:00,1787414400000,1540,DET,Detroit Lions,Lions,5110,WAS,Washington Commanders,Commanders,FINAL,17,13,2026,Ford Field,Detroit,MI,INDOOR,,true,true
2026,PRE,2,P2,2026082252,60473,c71afea1-5f68-11f1-b1d0-bb70a4640075,08/22/2026,2026-08-22T17:00:00Z,13:00:00,1787418000000,1050,CLE,Cleveland Browns,Browns,0610,BUF,Buffalo Bills,Bills,FINAL,7,31,1048,Huntington Bank Field,Cleveland,OH,OUTDOOR,NFL NETWORK,true,true
2026,PRE,2,P2,2026082253,60474,c71b02b9-5f68-11f1-b1d0-bb70a4640075,08/22/2026,2026-08-22T17:00:00Z,13:00:00,1787418000000,2200,IND,Indianapolis Colts,Colts,0200,ATL,Atlanta Falcons,Falcons,FINAL,6,34,2878,Lucas Oil Stadium,Indianapolis,IN,INDOOR,,true,true
2026,PRE,2,P2,2026082254,60475,c71b06f8-5f68-11f1-b1d0-bb70a4640075,08/22/2026,2026-08-22T17:00:00Z,13:00:00,1787418000000,3000,MIN,Minnesota Vikings,Vikings,0325,BAL,Baltimore Ravens,Ravens,FINAL,3,13,1652,U.S. Bank Stadium,Minneapolis,MN,INDOOR,,true,true
2026,PRE,2,P2,2026082255,60476,c71b0a90-5f68-11f1-b1d0-bb70a4640075,08/22/2026,2026-08-22T20:00:00Z,16:00:00,1787428800000,2510,LAR,Los Angeles Rams,Rams,3300,NO,New Orleans Saints,Saints,FINAL,34,0,3005,SoFi Stadium,Inglewood,CA,OUTDOOR,,true,true
2026,PRE,2,P2,2026082256,60477,c71b0f1e-5f68-11f1-b1d0-bb70a4640075,08/22/2026,2026-08-22T20:00:00Z,16:00:00,1787428800000,2700,MIA,Miami Dolphins,Dolphins,3410,NYG,New York Giants,Giants,FINAL,3,26,2475,Hard Rock Stadium,Opa Locka,FL,OUTDOOR,NFL NETWORK,true,true
2026,PRE,2,P2,2026082257,60478,c71b1303-5f68-11f1-b1d0-bb70a4640075,08/22/2026,2026-08-22T23:00:00Z,19:00:00,1787439600000,0920,CIN,Cincinnati Bengals,Bengals,0810,CHI,Chicago Bears,Bears,FINAL,27,9,3530,Paycor Stadium,Cincinnati,OH,OUTDOOR,,true,true
2026,PRE,2,P2,2026082258,60479,c71b1722-5f68-11f1-b1d0-bb70a4640075,08/22/2026,2026-08-22T23:00:00Z,19:00:00,1787439600000,3200,NE,New England Patriots,Patriots,3700,PHI,Philadelphia Eagles,Eagles,FINAL,24,21,1065,Gillette Stadium,Foxborough,MA,OUTDOOR,NFL NETWORK,true,true
2026,PRE,2,P2,2026082259,60480,c74e12b2-5f68-11f1-b1d0-bb70a4640075,08/22/2026,2026-08-22T23:30:00Z,19:30:00,1787441400000,4900,TB,Tampa Bay Buccaneers,Buccaneers,2310,KC,Kansas City Chiefs,Chiefs,FINAL,16,15,3697,Raymond James Stadium,Tampa,FL,OUTDOOR,,true,true
2026,PRE,2,P2,2026082260,60481,c74e1c92-5f68-11f1-b1d0-bb70a4640075,08/22/2026,2026-08-23T02:00:00Z,22:00:00,1787450400000,3800,AZ,Arizona Cardinals,Cardinals,1200,DAL,Dallas Cowboys,Cowboys,FINAL,13,34,1907,State Farm Stadium,Glendale,AZ,RETRACTABLE,NFL NETWORK,true,true
2026,PRE,2,P2,2026082351,60482,c74e206e-5f68-11f1-b1d0-bb70a4640075,08/23/2026,2026-08-24T00:00:00Z,20:00:00,1787529600000,2100,TEN,Tennessee Titans,Titans,4600,SEA,Seattle Seahawks,Seahawks,FINAL,19,16,2350,Nissan Stadium,Nashville,TN,OUTDOOR,FOX,true,true
2026,PRE,3,P3,2026082751,60483,c74e245a-5f68-11f1-b1d0-bb70a4640075,08/27/2026,2026-08-27T23:00:00Z,19:00:00,1787871600000,0610,BUF,Buffalo Bills,Bills,3900,PIT,Pittsburgh Steelers,Steelers,FINAL,28,27,5780,Highmark Stadium,Orchard Park,NY,OUTDOOR,NFL NETWORK,true,true
2026,PRE,3,P3,2026082752,60484,c74e27bf-5f68-11f1-b1d0-bb70a4640075,08/27/2026,2026-08-28T00:00:00Z,20:00:00,1787875200000,1050,CLE,Cleveland Browns,Browns,3200,NE,New England Patriots,Patriots,FINAL,37,13,1048,Huntington Bank Field,Cleveland,OH,OUTDOOR,Prime Video,true,true
2026,PRE,3,P3,2026082753,60485,c74e2b5b-5f68-11f1-b1d0-bb70a4640075,08/27/2026,2026-08-28T00:00:00Z,20:00:00,1787875200000,2520,LV,Las Vegas Raiders,Raiders,4500,SF,San Francisco 49ers,49ers,FINAL,12,18,1510,Allegiant Stadium,Paradise,NV,INDOOR,,true,true
2026,PRE,3,P3,2026082754,60486,c74e2ea2-5f68-11f1-b1d0-bb70a4640075,08/27/2026,2026-08-28T02:00:00Z,22:00:00,1787882400000,4400,LAC,Los Angeles Chargers,Chargers,2510,LAR,Los Angeles Rams,Rams,FINAL,18,20,3005,SoFi Stadium,Inglewood,CA,OUTDOOR,NFL NETWORK,true,true
2026,PRE,3,P3,2026082851,60487,c74e31f8-5f68-11f1-b1d0-bb70a4640075,08/28/2026,2026-08-28T22:00:00Z,18:00:00,1787954400000,0325,BAL,Baltimore Ravens,Ravens,5110,WAS,Washington Commanders,Commanders,FINAL,41,3,3695,M&T Bank Stadium,Baltimore,MD,OUTDOOR,NFL NETWORK,true,true
2026,PRE,3,P3,2026082852,60488,c74e353f-5f68-11f1-b1d0-bb70a4640075,08/28/2026,2026-08-28T23:00:00Z,19:00:00,1787958000000,0750,CAR,Carolina Panthers,Panthers,2120,HOU,Houston Texans,Texans,FINAL,16,13,1769,Bank of America Stadium,Charlotte,NC,OUTDOOR,,true,true
2026,PRE,3,P3,2026082853,60489,c74e3a0b-5f68-11f1-b1d0-bb70a4640075,08/28/2026,2026-08-28T23:00:00Z,19:00:00,1787958000000,2700,MIA,Miami Dolphins,Dolphins,0200,ATL,Atlanta Falcons,Falcons,FINAL,12,17,2475,Hard Rock Stadium,Opa Locka,FL,OUTDOOR,,true,true
2026,PRE,3,P3,2026082854,60490,c77f0e1f-5f68-11f1-b1d0-bb70a4640075,08/28/2026,2026-08-28T23:30:00Z,19:30:00,1787959800000,2250,JAX,Jacksonville Jaguars,Jaguars,4900,TB,Tampa Bay Buccaneers,Buccaneers,FINAL,19,0,2049,EverBank Stadium,Jacksonville,FL,OUTDOOR,,true,true
2026,PRE,3,P3,2026082855,60491,c77f1834-5f68-11f1-b1d0-bb70a4640075,08/28/2026,2026-08-28T23:30:00Z,19:30:00,1787959800000,3430,NYJ,New York Jets,Jets,3410,NYG,New York Giants,Giants,FINAL,6,23,3757,MetLife Stadium,East Rutherford,NJ,OUTDOOR,,true,true
2026,PRE,3,P3,2026082856,60492,c77f1c49-5f68-11f1-b1d0-bb70a4640075,08/28/2026,2026-08-29T00:00:00Z,20:00:00,1787961600000,1200,DAL,Dallas Cowboys,Cowboys,3300,NO,New Orleans Saints,Saints,FINAL,24,27,4948,AT&T Stadium,Arlington,TX,RETRACTABLE,,true,true
2026,PRE,3,P3,2026082857,60493,c77f1fc8-5f68-11f1-b1d0-bb70a4640075,08/28/2026,2026-08-29T00:00:00Z,20:00:00,1787961600000,2310,KC,Kansas City Chiefs,Chiefs,4600,SEA,Seattle Seahawks,Seahawks,FINAL,9,9,1552,Arrowhead Stadium,Kansas City,MO,OUTDOOR,,true,true
2026,PRE,3,P3,2026082858,60494,c77f22f6-5f68-11f1-b1d0-bb70a4640075,08/28/2026,2026-08-29T00:00:00Z,20:00:00,1787961600000,3700,PHI,Philadelphia Eagles,Eagles,0920,CIN,Cincinnati Bengals,Bengals,FINAL,13,30,2769,Lincoln Financial Field,Philadelphia,PA,OUTDOOR,CBS,true,true
2026,PRE,3,P3,2026082859,60495,c77f26f1-5f68-11f1-b1d0-bb70a4640075,08/28/2026,2026-08-29T01:00:00Z,21:00:00,1787965200000,1400,DEN,Denver Broncos,Broncos,3000,MIN,Minnesota Vikings,Vikings,FINAL,34,6,5786,Empower Field at Mile High,Denver,CO,OUTDOOR,NFL NETWORK,true,true
2026,PRE,3,P3,2026082860,60496,c77f2a44-5f68-11f1-b1d0-bb70a4640075,08/28/2026,2026-08-29T00:00:00Z,20:00:00,1787961600000,1800,GB,Green Bay Packers,Packers,3800,AZ,Arizona Cardinals,Cardinals,FINAL,42,38,2606,Lambeau Field,Green Bay,WI,OUTDOOR,,true,true
2026,PRE,3,P3,2026082951,60497,c77f2d5f-5f68-11f1-b1d0-bb70a4640075,08/29/2026,2026-08-29T17:00:00Z,13:00:00,1788022800000,2200,IND,Indianapolis Colts,Colts,1540,DET,Detroit Lions,Lions,FINAL,16,25,2878,Lucas Oil Stadium,Indianapolis,IN,INDOOR,NFL NETWORK,true,true
2026,PRE,3,P3,2026082952,60498,c77f307e-5f68-11f1-b1d0-bb70a4640075,08/29/2026,2026-08-29T22:00:00Z,18:00:00,1788040800000,2100,TEN,Tennessee Titans,Titans,0810,CHI,Chicago Bears,Bears,FINAL,15,24,2350,Nissan Stadium,Nashville,TN,OUTDOOR,NFL NETWORK,true,true
2026,REG,1,Week 1,2026090900,60178,a8fb0d78-4feb-11f1-abca-2c54536568a9,09/09/2026,2026-09-10T00:20:00Z,20:20:00,1788999600000,4600,SEA,Seattle Seahawks,Seahawks,3200,NE,New England Patriots,Patriots,FINAL,13,10,5315,Lumen Field,Seattle,WA,OUTDOOR,NBC,true,true
2026,REG,1,Week 1,2026091100,60179,a8fc08da-4feb-11f1-abca-2c54536568a9,09/10/2026,2026-09-11T00:35:00Z,20:35:00,1789086900000,2510,LAR,Los Angeles Rams,Rams,4500,SF,San Francisco 49ers,49ers,,,,6001,Melbourne Cricket Ground,East Melbourne,Victoria,,NETFLIX,true,
2026,REG,1,Week 1,2026091300,60180,a8fc0e5c-4feb-11f1-abca-2c54536568a9,09/13/2026,2026-09-13T17:00:00Z,13:00:00,1789318800000,0750,CAR,Carolina Panthers,Panthers,0810,CHI,Chicago Bears,Bears,,,,1769,Bank of America Stadium,Charlotte,NC,OUTDOOR,FOX,true,
2026,REG,1,Week 1,2026091301,60181,a8fc106b-4feb-11f1-abca-2c54536568a9,09/13/2026,2026-09-13T17:00:00Z,13:00:00,1789318800000,0920,CIN,Cincinnati Bengals,Bengals,4900,TB,Tampa Bay Buccaneers,Buccaneers,,,,3530,Paycor Stadium,Cincinnati,OH,OUTDOOR,FOX,true,
2026,REG,1,Week 1,2026091302,60182,a8fc1203-4feb-11f1-abca-2c54536568a9,09/13/2026,2026-09-13T17:00:00Z,13:00:00,1789318800000,1540,DET,Detroit Lions,Lions,3300,NO,New Orleans Saints,Saints,,,,2026,Ford Field,Detroit,MI,INDOOR,FOX,true,
2026,REG,1,Week 1,2026091303,60183,a8fc1393-4feb-11f1-abca-2c54536568a9,09/13/2026,2026-09-13T17:00:00Z,13:00:00,1789318800000,2120,HOU,Houston Texans,Texans,0610,BUF,Buffalo Bills,Bills,,,,3698,Reliant Stadium,Houston,TX,OUTDOOR,CBS,true,
2026,REG,1,Week 1,2026091304,60184,a8fc15bd-4feb-11f1-abca-2c54536568a9,09/13/2026,2026-09-13T17:00:00Z,13:00:00,1789318800000,2200,IND,Indianapolis Colts,Colts,0325,BAL,Baltimore Ravens,Ravens,,,,2878,Lucas Oil Stadium,Indianapolis,IN,INDOOR,CBS,true,
2026,REG,1,Week 1,2026091305,60185,a8fc1728-4feb-11f1-abca-2c54536568a9,09/13/2026,2026-09-13T17:00:00Z,13:00:00,1789318800000,2250,JAX,Jacksonville Jaguars,Jaguars,1050,CLE,Cleveland Browns,Browns,,,,2049,EverBank Stadium,Jacksonville,FL,OUTDOOR,CBS,true,
2026,REG,1,Week 1,2026091306,60186,a8fc1864-4feb-11f1-abca-2c54536568a9,09/13/2026,2026-09-13T17:00:00Z,13:00:00,1789318800000,3900,PIT,Pittsburgh Steelers,Steelers,0200,ATL,Atlanta Falcons,Falcons,,,,5411,Acrisure Stadium,Pittsburgh,PA,OUTDOOR,FOX,true,
2026,REG,1,Week 1,2026091307,60187,a8fc1998-4feb-11f1-abca-2c54536568a9,09/13/2026,2026-09-13T17:00:00Z,13:00:00,1789318800000,2100,TEN,Tennessee Titans,Titans,3430,NYJ,New York Jets,Jets,,,,2350,Nissan Stadium,Nashville,TN,OUTDOOR,CBS,true,
2026,REG,1,Week 1,2026091308,60188,a9a87603-4feb-11f1-abca-2c54536568a9,09/13/2026,2026-09-13T20:25:00Z,16:25:00,1789331100000,4400,LAC,Los Angeles Chargers,Chargers,3800,AZ,Arizona Cardinals,Cardinals,,,,3005,SoFi Stadium,Inglewood,CA,OUTDOOR,CBS,true,
2026,REG,1,Week 1,2026091309,60189,a9a881ca-4feb-11f1-abca-2c54536568a9,09/13/2026,2026-09-13T20:25:00Z,16:25:00,1789331100000,2520,LV,Las Vegas Raiders,Raiders,2700,MIA,Miami Dolphins,Dolphins,,,,1510,Allegiant Stadium,Paradise,NV,INDOOR,FOX,true,
2026,REG,1,Week 1,2026091310,60190,a9a88631-4feb-11f1-abca-2c54536568a9,09/13/2026,2026-09-13T20:25:00Z,16:25:00,1789331100000,3000,MIN,Minnesota Vikings,Vikings,1800,GB,Green Bay Packers,Packers,,,,1652,U.S. Bank Stadium,Minneapolis,MN,INDOOR,CBS,true,
2026,REG,1,Week 1,2026091311,60191,a9a889dd-4feb-11f1-abca-2c54536568a9,09/13/2026,2026-09-13T20:25:00Z,16:25:00,1789331100000,3700,PHI,Philadelphia Eagles,Eagles,5110,WAS,Washington Commanders,Commanders,,,,2769,Lincoln Financial Field,Philadelphia,PA,OUTDOOR,FOX,true,
2026,REG,1,Week 1,2026091312,60192,a9a88d52-4feb-11f1-abca-2c54536568a9,09/13/2026,2026-09-14T00:20:00Z,20:20:00,1789345200000,3410,NYG,New York Giants,Giants,1200,DAL,Dallas Cowboys,Cowboys,,,,3757,MetLife Stadium,East Rutherford,NJ,OUTDOOR,NBC,true,
2026,REG,1,Week 1,2026091400,60193,a9a890ed-4feb-11f1-abca-2c54536568a9,09/14/2026,2026-09-15T00:15:00Z,20:15:00,1789431300000,2310,KC,Kansas City Chiefs,Chiefs,1400,DEN,Denver Broncos,Broncos,,,,1552,Arrowhead Stadium,Kansas City,MO,OUTDOOR,ESPN,true,
2026,REG,2,Week 2,2026091700,60194,a9a8944e-4feb-11f1-abca-2c54536568a9,09/17/2026,2026-09-18T00:15:00Z,20:15:00,1789690500000,0610,BUF,Buffalo Bills,Bills,1540,DET,Detroit Lions,Lions,,,,5780,Highmark Stadium,Orchard Park,NY,OUTDOOR,Prime Video,true,
2026,REG,2,Week 2,2026092000,60195,a9a89841-4feb-11f1-abca-2c54536568a9,09/20/2026,2026-09-20T17:00:00Z,13:00:00,1789923600000,0200,ATL,Atlanta Falcons,Falcons,0750,CAR,Carolina Panthers,Panthers,,,,2076,Mercedes-Benz Stadium,Atlanta,GA,INDOOR,FOX,true,
2026,REG,2,Week 2,2026092001,60196,a9a89baa-4feb-11f1-abca-2c54536568a9,09/20/2026,2026-09-20T17:00:00Z,13:00:00,1789923600000,0325,BAL,Baltimore Ravens,Ravens,3300,NO,New Orleans Saints,Saints,,,,3695,M&T Bank Stadium,Baltimore,MD,OUTDOOR,CBS,true,
2026,REG,2,Week 2,2026092002,60197,a9a89edd-4feb-11f1-abca-2c54536568a9,09/20/2026,2026-09-20T17:00:00Z,13:00:00,1789923600000,0810,CHI,Chicago Bears,Bears,3000,MIN,Minnesota Vikings,Vikings,,,,4620,Soldier Field,Chicago,IL,OUTDOOR,FOX,true,
2026,REG,2,Week 2,2026092003,60198,a9e0c7c0-4feb-11f1-abca-2c54536568a9,09/20/2026,2026-09-20T17:00:00Z,13:00:00,1789923600000,2120,HOU,Houston Texans,Texans,0920,CIN,Cincinnati Bengals,Bengals,,,,3698,Reliant Stadium,Houston,TX,OUTDOOR,CBS,true,
2026,REG,2,Week 2,2026092004,60199,a9e0d18f-4feb-11f1-abca-2c54536568a9,09/20/2026,2026-09-20T17:00:00Z,13:00:00,1789923600000,3200,NE,New England Patriots,Patriots,3900,PIT,Pittsburgh Steelers,Steelers,,,,1065,Gillette Stadium,Foxborough,MA,OUTDOOR,CBS,true,
2026,REG,2,Week 2,2026092005,60200,a9e0d5a5-4feb-11f1-abca-2c54536568a9,09/20/2026,2026-09-20T17:00:00Z,13:00:00,1789923600000,3430,NYJ,New York Jets,Jets,1800,GB,Green Bay Packers,Packers,,,,3757,MetLife Stadium,East Rutherford,NJ,OUTDOOR,FOX,true,
2026,REG,2,Week 2,2026092006,60201,a9e0d930-4feb-11f1-abca-2c54536568a9,09/20/2026,2026-09-20T17:00:00Z,13:00:00,1789923600000,4900,TB,Tampa Bay Buccaneers,Buccaneers,1050,CLE,Cleveland Browns,Browns,,,,3697,Raymond James Stadium,Tampa,FL,OUTDOOR,CBS,true,
2026,REG,2,Week 2,2026092007,60202,a9e0dc7c-4feb-11f1-abca-2c54536568a9,09/20/2026,2026-09-20T17:00:00Z,13:00:00,1789923600000,2100,TEN,Tennessee Titans,Titans,3700,PHI,Philadelphia Eagles,Eagles,,,,2350,Nissan Stadium,Nashville,TN,OUTDOOR,FOX,true,
2026,REG,2,Week 2,2026092008,60203,a9e0dff8-4feb-11f1-abca-2c54536568a9,09/20/2026,2026-09-20T20:05:00Z,16:05:00,1789934700000,1400,DEN,Denver Broncos,Broncos,2250,JAX,Jacksonville Jaguars,Jaguars,,,,5786,Empower Field at Mile High,Denver,CO,OUTDOOR,CBS,true,
2026,REG,2,Week 2,2026092009,60204,a9e0e3dd-4feb-11f1-abca-2c54536568a9,09/20/2026,2026-09-20T20:05:00Z,16:05:00,1789934700000,4400,LAC,Los Angeles Chargers,Chargers,2520,LV,Las Vegas Raiders,Raiders,,,,3005,SoFi Stadium,Inglewood,CA,OUTDOOR,CBS,true,
2026,REG,2,Week 2,2026092010,60205,a9e0e78e-4feb-11f1-abca-2c54536568a9,09/20/2026,2026-09-20T20:25:00Z,16:25:00,1789935900000,3800,AZ,Arizona Cardinals,Cardinals,4600,SEA,Seattle Seahawks,Seahawks,,,,1907,State Farm Stadium,Glendale,AZ,RETRACTABLE,FOX,true,
2026,REG,2,Week 2,2026092011,60206,a9e0eb90-4feb-11f1-abca-2c54536568a9,09/20/2026,2026-09-20T20:25:00Z,16:25:00,1789935900000,1200,DAL,Dallas Cowboys,Cowboys,5110,WAS,Washington Commanders,Commanders,,,,4948,AT&T Stadium,Arlington,TX,RETRACTABLE,FOX,true,
2026,REG,2,Week 2,2026092012,60207,a9e0ef5d-4feb-11f1-abca-2c54536568a9,09/20/2026,2026-09-20T20:25:00Z,16:25:00,1789935900000,4500,SF,San Francisco 49ers,49ers,2700,MIA,Miami Dolphins,Dolphins,,,,2099,Levi's® Stadium,Santa Clara,CA,OUTDOOR,FOX,true,
2026,REG,2,Week 2,2026092013,60208,aa048ee1-4feb-11f1-abca-2c54536568a9,09/20/2026,2026-09-21T00:20:00Z,20:20:00,1789950000000,2310,KC,Kansas City Chiefs,Chiefs,2200,IND,Indianapolis Colts,Colts,,,,1552,Arrowhead Stadium,Kansas City,MO,OUTDOOR,NBC,true,
2026,REG,2,Week 2,2026092100,60209,aa04989c-4feb-11f1-abca-2c54536568a9,09/21/2026,2026-09-22T00:15:00Z,20:15:00,1790036100000,2510,LAR,Los Angeles Rams,Rams,3410,NYG,New York Giants,Giants,,,,3005,SoFi Stadium,Inglewood,CA,OUTDOOR,ESPN,true,
2026,REG,3,Week 3,2026092400,60210,aa049c95-4feb-11f1-abca-2c54536568a9,09/24/2026,2026-09-25T00:15:00Z,20:15:00,1790295300000,1800,GB,Green Bay Packers,Packers,0200,ATL,Atlanta Falcons,Falcons,,,,2606,Lambeau Field,Green Bay,WI,OUTDOOR,Prime Video,true,
2026,REG,3,Week 3,2026092700,60211,aa04a02f-4feb-11f1-abca-2c54536568a9,09/27/2026,2026-09-27T17:00:00Z,13:00:00,1790528400000,0610,BUF,Buffalo Bills,Bills,4400,LAC,Los Angeles Chargers,Chargers,,,,5780,Highmark Stadium,Orchard Park,NY,OUTDOOR,FOX,true,
2026,REG,3,Week 3,2026092701,60212,aa04a395-4feb-11f1-abca-2c54536568a9,09/27/2026,2026-09-27T17:00:00Z,13:00:00,1790528400000,1050,CLE,Cleveland Browns,Browns,0750,CAR,Carolina Panthers,Panthers,,,,1048,Huntington Bank Field,Cleveland,OH,OUTDOOR,FOX,true,
2026,REG,3,Week 3,2026092702,60213,aa04a6ca-4feb-11f1-abca-2c54536568a9,09/27/2026,2026-09-27T17:00:00Z,13:00:00,1790528400000,1540,DET,Detroit Lions,Lions,3430,NYJ,New York Jets,Jets,,,,2026,Ford Field,Detroit,MI,INDOOR,FOX,true,
2026,REG,3,Week 3,2026092703,60214,aa04aa26-4feb-11f1-abca-2c54536568a9,09/27/2026,2026-09-27T17:00:00Z,13:00:00,1790528400000,2200,IND,Indianapolis Colts,Colts,2120,HOU,Houston Texans,Texans,,,,2878,Lucas Oil Stadium,Indianapolis,IN,INDOOR,CBS,true,
2026,REG,3,Week 3,2026092704,60215,aa04ad75-4feb-11f1-abca-2c54536568a9,09/27/2026,2026-09-27T17:00:00Z,13:00:00,1790528400000,2250,JAX,Jacksonville Jaguars,Jaguars,3200,NE,New England Patriots,Patriots,,,,2049,EverBank Stadium,Jacksonville,FL,OUTDOOR,CBS,true,
2026,REG,3,Week 3,2026092705,60216,aa04b0d8-4feb-11f1-abca-2c54536568a9,09/27/2026,2026-09-27T17:00:00Z,13:00:00,1790528400000,2700,MIA,Miami Dolphins,Dolphins,2310,KC,Kansas City Chiefs,Chiefs,,,,2475,Hard Rock Stadium,Opa Locka,FL,OUTDOOR,CBS,true,
2026,REG,3,Week 3,2026092706,60217,aa04b4d9-4feb-11f1-abca-2c54536568a9,09/27/2026,2026-09-27T17:00:00Z,13:00:00,1790528400000,3410,NYG,New York Giants,Giants,2100,TEN,Tennessee Titans,Titans,,,,3757,MetLife Stadium,East Rutherford,NJ,OUTDOOR,CBS,true,
2026,REG,3,Week 3,2026092707,60218,aa29b6b0-4feb-11f1-abca-2c54536568a9,09/27/2026,2026-09-27T17:00:00Z,13:00:00,1790528400000,3900,PIT,Pittsburgh Steelers,Steelers,0920,CIN,Cincinnati Bengals,Bengals,,,,5411,Acrisure Stadium,Pittsburgh,PA,OUTDOOR,CBS,true,
2026,REG,3,Week 3,2026092708,60219,aa29c0fa-4feb-11f1-abca-2c54536568a9,09/27/2026,2026-09-27T17:00:00Z,13:00:00,1790528400000,5110,WAS,Washington Commanders,Commanders,4600,SEA,Seattle Seahawks,Seahawks,,,,2389,Northwest Stadium,Landover,MD,OUTDOOR,FOX,true,
2026,REG,3,Week 3,2026092709,60220,aa29c59c-4feb-11f1-abca-2c54536568a9,09/27/2026,2026-09-27T20:05:00Z,16:05:00,1790539500000,4500,SF,San Francisco 49ers,49ers,3800,AZ,Arizona Cardinals,Cardinals,,,,2099,Levi's® Stadium,Santa Clara,CA,OUTDOOR,FOX,true,
2026,REG,3,Week 3,2026092710,60221,aa29c929-4feb-11f1-abca-2c54536568a9,09/27/2026,2026-09-27T20:05:00Z,16:05:00,1790539500000,4900,TB,Tampa Bay Buccaneers,Buccaneers,3000,MIN,Minnesota Vikings,Vikings,,,,3697,Raymond James Stadium,Tampa,FL,OUTDOOR,FOX,true,
2026,REG,3,Week 3,2026092711,60222,aa29cd02-4feb-11f1-abca-2c54536568a9,09/27/2026,2026-09-27T20:25:00Z,16:25:00,1790540700000,1200,DAL,Dallas Cowboys,Cowboys,0325,BAL,Baltimore Ravens,Ravens,,,,4001,Maracana Stadium,Rio de Janeiro,,,CBS,true,
2026,REG,3,Week 3,2026092712,60223,aa29d062-4feb-11f1-abca-2c54536568a9,09/27/2026,2026-09-27T20:25:00Z,16:25:00,1790540700000,3300,NO,New Orleans Saints,Saints,2520,LV,Las Vegas Raiders,Raiders,,,,2870,Caesars Superdome,New Orleans,LA,INDOOR,CBS,true,
2026,REG,3,Week 3,2026092713,60224,aa29d387-4feb-11f1-abca-2c54536568a9,09/27/2026,2026-09-28T00:20:00Z,20:20:00,1790554800000,1400,DEN,Denver Broncos,Broncos,2510,LAR,Los Angeles Rams,Rams,,,,5786,Empower Field at Mile High,Denver,CO,OUTDOOR,NBC,true,
2026,REG,3,Week 3,2026092800,60225,aa29d6db-4feb-11f1-abca-2c54536568a9,09/28/2026,2026-09-29T00:15:00Z,20:15:00,1790640900000,0810,CHI,Chicago Bears,Bears,3700,PHI,Philadelphia Eagles,Eagles,,,,4620,Soldier Field,Chicago,IL,OUTDOOR,ESPN,true,
2026,REG,4,Week 4,2026100100,60226,aa29da01-4feb-11f1-abca-2c54536568a9,10/01/2026,2026-10-02T00:15:00Z,20:15:00,1790900100000,1050,CLE,Cleveland Browns,Browns,3900,PIT,Pittsburgh Steelers,Steelers,,,,1048,Huntington Bank Field,Cleveland,OH,OUTDOOR,Prime Video,true,
2026,REG,4,Week 4,2026100400,60227,aa29dd21-4feb-11f1-abca-2c54536568a9,10/04/2026,2026-10-04T13:30:00Z,09:30:00,1791120600000,5110,WAS,Washington Commanders,Commanders,2200,IND,Indianapolis Colts,Colts,,,,5528,Tottenham Hotspur Stadium,London,,OUTDOOR,NFL NETWORK,true,
2026,REG,4,Week 4,2026100401,60228,aa4b4811-4feb-11f1-abca-2c54536568a9,10/04/2026,2026-10-04T17:00:00Z,13:00:00,1791133200000,0325,BAL,Baltimore Ravens,Ravens,2100,TEN,Tennessee Titans,Titans,,,,3695,M&T Bank Stadium,Baltimore,MD,OUTDOOR,CBS,true,
2026,REG,4,Week 4,2026100402,60229,aa4b51c9-4feb-11f1-abca-2c54536568a9,10/04/2026,2026-10-04T17:00:00Z,13:00:00,1791133200000,0610,BUF,Buffalo Bills,Bills,3200,NE,New England Patriots,Patriots,,,,5780,Highmark Stadium,Orchard Park,NY,OUTDOOR,CBS,true,
2026,REG,4,Week 4,2026100403,60230,aa4b55ce-4feb-11f1-abca-2c54536568a9,10/04/2026,2026-10-04T17:00:00Z,13:00:00,1791133200000,0810,CHI,Chicago Bears,Bears,3430,NYJ,New York Jets,Jets,,,,4620,Soldier Field,Chicago,IL,OUTDOOR,FOX,true,
2026,REG,4,Week 4,2026100404,60231,aa4b5943-4feb-11f1-abca-2c54536568a9,10/04/2026,2026-10-04T17:00:00Z,13:00:00,1791133200000,0920,CIN,Cincinnati Bengals,Bengals,2250,JAX,Jacksonville Jaguars,Jaguars,,,,3530,Paycor Stadium,Cincinnati,OH,OUTDOOR,CBS,true,
2026,REG,4,Week 4,2026100405,60232,aa4b5c96-4feb-11f1-abca-2c54536568a9,10/04/2026,2026-10-04T17:00:00Z,13:00:00,1791133200000,2120,HOU,Houston Texans,Texans,1200,DAL,Dallas Cowboys,Cowboys,,,,3698,Reliant Stadium,Houston,TX,OUTDOOR,FOX,true,
2026,REG,4,Week 4,2026100406,60233,aa4b607b-4feb-11f1-abca-2c54536568a9,10/04/2026,2026-10-04T17:00:00Z,13:00:00,1791133200000,3410,NYG,New York Giants,Giants,3800,AZ,Arizona Cardinals,Cardinals,,,,3757,MetLife Stadium,East Rutherford,NJ,OUTDOOR,CBS,true,
2026,REG,4,Week 4,2026100407,60234,aa4b63de-4feb-11f1-abca-2c54536568a9,10/04/2026,2026-10-04T17:00:00Z,13:00:00,1791133200000,3700,PHI,Philadelphia Eagles,Eagles,2510,LAR,Los Angeles Rams,Rams,,,,2769,Lincoln Financial Field,Philadelphia,PA,OUTDOOR,FOX,true,
2026,REG,4,Week 4,2026100408,60235,aa4b671b-4feb-11f1-abca-2c54536568a9,10/04/2026,2026-10-04T17:00:00Z,13:00:00,1791133200000,4900,TB,Tampa Bay Buccaneers,Buccaneers,1800,GB,Green Bay Packers,Packers,,,,3697,Raymond James Stadium,Tampa,FL,OUTDOOR,FOX,true,
2026,REG,4,Week 4,2026100409,60236,aa4b6a4b-4feb-11f1-abca-2c54536568a9,10/04/2026,2026-10-04T20:05:00Z,16:05:00,1791144300000,3000,MIN,Minnesota Vikings,Vikings,2700,MIA,Miami Dolphins,Dolphins,,,,1652,U.S. Bank Stadium,Minneapolis,MN,INDOOR,FOX,true,
2026,REG,4,Week 4,2026100410,60237,aa4b6d71-4feb-11f1-abca-2c54536568a9,10/04/2026,2026-10-04T20:25:00Z,16:25:00,1791145500000,2520,LV,Las Vegas Raiders,Raiders,2310,KC,Kansas City Chiefs,Chiefs,,,,1510,Allegiant Stadium,Paradise,NV,INDOOR,CBS,true,
2026,REG,4,Week 4,2026100411,60238,aa6b4255-4feb-11f1-abca-2c54536568a9,10/04/2026,2026-10-04T20:25:00Z,16:25:00,1791145500000,4600,SEA,Seattle Seahawks,Seahawks,4400,LAC,Los Angeles Chargers,Chargers,,,,5315,Lumen Field,Seattle,WA,OUTDOOR,CBS,true,
2026,REG,4,Week 4,2026100412,60239,aa6b4cf4-4feb-11f1-abca-2c54536568a9,10/04/2026,2026-10-04T20:25:00Z,16:25:00,1791145500000,4500,SF,San Francisco 49ers,49ers,1400,DEN,Denver Broncos,Broncos,,,,2099,Levi's® Stadium,Santa Clara,CA,OUTDOOR,CBS,true,
2026,REG,4,Week 4,2026100413,60240,aa6b512d-4feb-11f1-abca-2c54536568a9,10/04/2026,2026-10-05T00:20:00Z,20:20:00,1791159600000,0750,CAR,Carolina Panthers,Panthers,1540,DET,Detroit Lions,Lions,,,,1769,Bank of America Stadium,Charlotte,NC,OUTDOOR,NBC,true,
2026,REG,4,Week 4,2026100500,60241,aa6b5517-4feb-11f1-abca-2c54536568a9,10/05/2026,2026-10-06T00:15:00Z,20:15:00,1791245700000,3300,NO,New Orleans Saints,Saints,0200,ATL,Atlanta Falcons,Falcons,,,,2870,Caesars Superdome,New Orleans,LA,INDOOR,ESPN,true,
2026,REG,5,Week 5,2026100800,60242,aa6b58bf-4feb-11f1-abca-2c54536568a9,10/08/2026,2026-10-09T00:15:00Z,20:15:00,1791504900000,1200,DAL,Dallas Cowboys,Cowboys,4900,TB,Tampa Bay Buccaneers,Buccaneers,,,,4948,AT&T Stadium,Arlington,TX,RETRACTABLE,Prime Video,true,
2026,REG,5,Week 5,2026101100,60243,aa6b5c2b-4feb-11f1-abca-2c54536568a9,10/11/2026,2026-10-11T13:30:00Z,09:30:00,1791725400000,2250,JAX,Jacksonville Jaguars,Jaguars,3700,PHI,Philadelphia Eagles,Eagles,,,,5528,Tottenham Hotspur Stadium,London,,OUTDOOR,NFL NETWORK,true,
2026,REG,5,Week 5,2026101101,60244,aa6b5f66-4feb-11f1-abca-2c54536568a9,10/11/2026,2026-10-11T17:00:00Z,13:00:00,1791738000000,2700,MIA,Miami Dolphins,Dolphins,0920,CIN,Cincinnati Bengals,Bengals,,,,2475,Hard Rock Stadium,Opa Locka,FL,OUTDOOR,FOX,true,
2026,REG,5,Week 5,2026101102,60245,aa6b6286-4feb-11f1-abca-2c54536568a9,10/11/2026,2026-10-11T17:00:00Z,13:00:00,1791738000000,3200,NE,New England Patriots,Patriots,2520,LV,Las Vegas Raiders,Raiders,,,,1065,Gillette Stadium,Foxborough,MA,OUTDOOR,CBS,true,
2026,REG,5,Week 5,2026101103,60246,aa6b65b1-4feb-11f1-abca-2c54536568a9,10/11/2026,2026-10-11T17:00:00Z,13:00:00,1791738000000,3300,NO,New Orleans Saints,Saints,3000,MIN,Minnesota Vikings,Vikings,,,,2870,Caesars Superdome,New Orleans,LA,INDOOR,FOX,true,
2026,REG,5,Week 5,2026101104,60247,aa6b69bb-4feb-11f1-abca-2c54536568a9,10/11/2026,2026-10-11T17:00:00Z,13:00:00,1791738000000,3430,NYJ,New York Jets,Jets,1050,CLE,Cleveland Browns,Browns,,,,3757,MetLife Stadium,East Rutherford,NJ,OUTDOOR,CBS,true,
2026,REG,5,Week 5,2026101105,60248,aa94ac06-4feb-11f1-abca-2c54536568a9,10/11/2026,2026-10-11T17:00:00Z,13:00:00,1791738000000,3900,PIT,Pittsburgh Steelers,Steelers,2200,IND,Indianapolis Colts,Colts,,,,5411,Acrisure Stadium,Pittsburgh,PA,OUTDOOR,CBS,true,
2026,REG,5,Week 5,2026101106,60249,aa94b527-4feb-11f1-abca-2c54536568a9,10/11/2026,2026-10-11T17:00:00Z,13:00:00,1791738000000,2100,TEN,Tennessee Titans,Titans,2120,HOU,Houston Texans,Texans,,,,2350,Nissan Stadium,Nashville,TN,OUTDOOR,CBS,true,
2026,REG,5,Week 5,2026101107,60250,aa94b906-4feb-11f1-abca-2c54536568a9,10/11/2026,2026-10-11T17:00:00Z,13:00:00,1791738000000,5110,WAS,Washington Commanders,Commanders,3410,NYG,New York Giants,Giants,,,,2389,Northwest Stadium,Landover,MD,OUTDOOR,FOX,true,
2026,REG,5,Week 5,2026101108,60251,aa94bc51-4feb-11f1-abca-2c54536568a9,10/11/2026,2026-10-11T20:05:00Z,16:05:00,1791749100000,4400,LAC,Los Angeles Chargers,Chargers,1400,DEN,Denver Broncos,Broncos,,,,3005,SoFi Stadium,Inglewood,CA,OUTDOOR,CBS,true,
2026,REG,5,Week 5,2026101109,60252,aa94bfce-4feb-11f1-abca-2c54536568a9,10/11/2026,2026-10-11T20:25:00Z,16:25:00,1791750300000,3800,AZ,Arizona Cardinals,Cardinals,1540,DET,Detroit Lions,Lions,,,,1907,State Farm Stadium,Glendale,AZ,RETRACTABLE,FOX,true,
2026,REG,5,Week 5,2026101110,60253,aa94c2ef-4feb-11f1-abca-2c54536568a9,10/11/2026,2026-10-11T20:25:00Z,16:25:00,1791750300000,1800,GB,Green Bay Packers,Packers,0810,CHI,Chicago Bears,Bears,,,,2606,Lambeau Field,Green Bay,WI,OUTDOOR,FOX,true,
2026,REG,5,Week 5,2026101111,60254,aa94c647-4feb-11f1-abca-2c54536568a9,10/11/2026,2026-10-11T20:25:00Z,16:25:00,1791750300000,4600,SEA,Seattle Seahawks,Seahawks,4500,SF,San Francisco 49ers,49ers,,,,5315,Lumen Field,Seattle,WA,OUTDOOR,FOX,true,
2026,REG,5,Week 5,2026101112,60255,aa94c94d-4feb-11f1-abca-2c54536568a9,10/11/2026,2026-10-12T00:20:00Z,20:20:00,1791764400000,0200,ATL,Atlanta Falcons,Falcons,0325,BAL,Baltimore Ravens,Ravens,,,,2076,Mercedes-Benz Stadium,Atlanta,GA,INDOOR,NBC,true,
2026,REG,5,Week 5,2026101200,60256,aa94ccd3-4feb-11f1-abca-2c54536568a9,10/12/2026,2026-10-13T00:15:00Z,20:15:00,1791850500000,2510,LAR,Los Angeles Rams,Rams,0610,BUF,Buffalo Bills,Bills,,,,3005,SoFi Stadium,Inglewood,CA,OUTDOOR,ESPN,true,
2026,REG,6,Week 6,2026101500,60257,aa94cffe-4feb-11f1-abca-2c54536568a9,10/15/2026,2026-10-16T00:15:00Z,20:15:00,1792109700000,1400,DEN,Denver Broncos,Broncos,4600,SEA,Seattle Seahawks,Seahawks,,,,5786,Empower Field at Mile High,Denver,CO,OUTDOOR,Prime Video,true,
2026,REG,6,Week 6,2026101800,60258,aab56e82-4feb-11f1-abca-2c54536568a9,10/18/2026,2026-10-18T13:30:00Z,09:30:00,1792330200000,2250,JAX,Jacksonville Jaguars,Jaguars,2120,HOU,Houston Texans,Texans,,,,5525,Wembley Stadium,London,,OUTDOOR,NFL NETWORK,true,
2026,REG,6,Week 6,2026101801,60259,aab577eb-4feb-11f1-abca-2c54536568a9,10/18/2026,2026-10-18T17:00:00Z,13:00:00,1792342800000,0200,ATL,Atlanta Falcons,Falcons,0810,CHI,Chicago Bears,Bears,,,,2076,Mercedes-Benz Stadium,Atlanta,GA,INDOOR,FOX,true,
2026,REG,6,Week 6,2026101802,60260,aab57bb8-4feb-11f1-abca-2c54536568a9,10/18/2026,2026-10-18T17:00:00Z,13:00:00,1792342800000,1050,CLE,Cleveland Browns,Browns,0325,BAL,Baltimore Ravens,Ravens,,,,1048,Huntington Bank Field,Cleveland,OH,OUTDOOR,FOX,true,
2026,REG,6,Week 6,2026101803,60261,aab57f15-4feb-11f1-abca-2c54536568a9,10/18/2026,2026-10-18T17:00:00Z,13:00:00,1792342800000,2200,IND,Indianapolis Colts,Colts,2100,TEN,Tennessee Titans,Titans,,,,2878,Lucas Oil Stadium,Indianapolis,IN,INDOOR,FOX,true,
2026,REG,6,Week 6,2026101804,60262,aab58261-4feb-11f1-abca-2c54536568a9,10/18/2026,2026-10-18T17:00:00Z,13:00:00,1792342800000,3200,NE,New England Patriots,Patriots,3430,NYJ,New York Jets,Jets,,,,1065,Gillette Stadium,Foxborough,MA,OUTDOOR,CBS,true,
2026,REG,6,Week 6,2026101805,60263,aab5857e-4feb-11f1-abca-2c54536568a9,10/18/2026,2026-10-18T17:00:00Z,13:00:00,1792342800000,3410,NYG,New York Giants,Giants,3300,NO,New Orleans Saints,Saints,,,,3757,MetLife Stadium,East Rutherford,NJ,OUTDOOR,FOX,true,
2026,REG,6,Week 6,2026101806,60264,aab588fe-4feb-11f1-abca-2c54536568a9,10/18/2026,2026-10-18T17:00:00Z,13:00:00,1792342800000,3700,PHI,Philadelphia Eagles,Eagles,0750,CAR,Carolina Panthers,Panthers,,,,2769,Lincoln Financial Field,Philadelphia,PA,OUTDOOR,CBS,true,
2026,REG,6,Week 6,2026101807,60265,aab58c4b-4feb-11f1-abca-2c54536568a9,10/18/2026,2026-10-18T17:00:00Z,13:00:00,1792342800000,4900,TB,Tampa Bay Buccaneers,Buccaneers,3900,PIT,Pittsburgh Steelers,Steelers,,,,3697,Raymond James Stadium,Tampa,FL,OUTDOOR,CBS,true,
2026,REG,6,Week 6,2026101808,60266,aab58f7e-4feb-11f1-abca-2c54536568a9,10/18/2026,2026-10-18T20:05:00Z,16:05:00,1792353900000,2510,LAR,Los Angeles Rams,Rams,3800,AZ,Arizona Cardinals,Cardinals,,,,3005,SoFi Stadium,Inglewood,CA,OUTDOOR,FOX,true,
2026,REG,6,Week 6,2026101809,60267,aab59281-4feb-11f1-abca-2c54536568a9,10/18/2026,2026-10-18T20:25:00Z,16:25:00,1792355100000,2310,KC,Kansas City Chiefs,Chiefs,4400,LAC,Los Angeles Chargers,Chargers,,,,1552,Arrowhead Stadium,Kansas City,MO,OUTDOOR,CBS,true,
2026,REG,6,Week 6,2026101810,60268,aad57852-4feb-11f1-abca-2c54536568a9,10/18/2026,2026-10-18T20:25:00Z,16:25:00,1792355100000,2520,LV,Las Vegas Raiders,Raiders,0610,BUF,Buffalo Bills,Bills,,,,1510,Allegiant Stadium,Paradise,NV,INDOOR,CBS,true,
2026,REG,6,Week 6,2026101811,60269,aad58264-4feb-11f1-abca-2c54536568a9,10/18/2026,2026-10-19T00:20:00Z,20:20:00,1792369200000,1800,GB,Green Bay Packers,Packers,1200,DAL,Dallas Cowboys,Cowboys,,,,2606,Lambeau Field,Green Bay,WI,OUTDOOR,NBC,true,
2026,REG,6,Week 6,2026101900,60270,aad58635-4feb-11f1-abca-2c54536568a9,10/19/2026,2026-10-20T00:15:00Z,20:15:00,1792455300000,4500,SF,San Francisco 49ers,49ers,5110,WAS,Washington Commanders,Commanders,,,,2099,Levi's® Stadium,Santa Clara,CA,OUTDOOR,ESPN,true,
2026,REG,7,Week 7,2026102200,60271,aad58a18-4feb-11f1-abca-2c54536568a9,10/22/2026,2026-10-23T00:15:00Z,20:15:00,1792714500000,0810,CHI,Chicago Bears,Bears,3200,NE,New England Patriots,Patriots,,,,4620,Soldier Field,Chicago,IL,OUTDOOR,Prime Video,true,
2026,REG,7,Week 7,2026102500,60272,aad58d7d-4feb-11f1-abca-2c54536568a9,10/25/2026,2026-10-25T13:30:00Z,09:30:00,1792935000000,3300,NO,New Orleans Saints,Saints,3900,PIT,Pittsburgh Steelers,Steelers,,,,1391,Stade de France,Saint-Denis,,,NFL NETWORK,true,
2026,REG,7,Week 7,2026102501,60273,aad59092-4feb-11f1-abca-2c54536568a9,10/25/2026,2026-10-25T17:00:00Z,13:00:00,1792947600000,0200,ATL,Atlanta Falcons,Falcons,4500,SF,San Francisco 49ers,49ers,,,,2076,Mercedes-Benz Stadium,Atlanta,GA,INDOOR,FOX,true,
2026,REG,7,Week 7,2026102502,60274,aad594ee-4feb-11f1-abca-2c54536568a9,10/25/2026,2026-10-25T17:00:00Z,13:00:00,1792947600000,0325,BAL,Baltimore Ravens,Ravens,0920,CIN,Cincinnati Bengals,Bengals,,,,3695,M&T Bank Stadium,Baltimore,MD,OUTDOOR,CBS,true,
2026,REG,7,Week 7,2026102503,60275,aad59a67-4feb-11f1-abca-2c54536568a9,10/25/2026,2026-10-25T17:00:00Z,13:00:00,1792947600000,0750,CAR,Carolina Panthers,Panthers,4900,TB,Tampa Bay Buccaneers,Buccaneers,,,,1769,Bank of America Stadium,Charlotte,NC,OUTDOOR,FOX,true,
2026,REG,7,Week 7,2026102504,60276,aad59e95-4feb-11f1-abca-2c54536568a9,10/25/2026,2026-10-25T17:00:00Z,13:00:00,1792947600000,2120,HOU,Houston Texans,Texans,3410,NYG,New York Giants,Giants,,,,3698,Reliant Stadium,Houston,TX,OUTDOOR,FOX,true,
2026,REG,7,Week 7,2026102505,60277,aad5a2ac-4feb-11f1-abca-2c54536568a9,10/25/2026,2026-10-25T17:00:00Z,13:00:00,1792947600000,3000,MIN,Minnesota Vikings,Vikings,2200,IND,Indianapolis Colts,Colts,,,,1652,U.S. Bank Stadium,Minneapolis,MN,INDOOR,CBS,true,
2026,REG,7,Week 7,2026102506,60278,aaf6ec9e-4feb-11f1-abca-2c54536568a9,10/25/2026,2026-10-25T17:00:00Z,13:00:00,1792947600000,3430,NYJ,New York Jets,Jets,2700,MIA,Miami Dolphins,Dolphins,,,,3757,MetLife Stadium,East Rutherford,NJ,OUTDOOR,CBS,true,
2026,REG,7,Week 7,2026102507,60279,aaf6f621-4feb-11f1-abca-2c54536568a9,10/25/2026,2026-10-25T17:00:00Z,13:00:00,1792947600000,2100,TEN,Tennessee Titans,Titans,1050,CLE,Cleveland Browns,Browns,,,,2350,Nissan Stadium,Nashville,TN,OUTDOOR,CBS,true,
2026,REG,7,Week 7,2026102508,60280,aaf6fa3b-4feb-11f1-abca-2c54536568a9,10/25/2026,2026-10-25T20:05:00Z,16:05:00,1792958700000,3800,AZ,Arizona Cardinals,Cardinals,1400,DEN,Denver Broncos,Broncos,,,,1907,State Farm Stadium,Glendale,AZ,RETRACTABLE,CBS,true,
2026,REG,7,Week 7,2026102509,60281,aaf6fda2-4feb-11f1-abca-2c54536568a9,10/25/2026,2026-10-25T20:25:00Z,16:25:00,1792959900000,1540,DET,Detroit Lions,Lions,1800,GB,Green Bay Packers,Packers,,,,2026,Ford Field,Detroit,MI,INDOOR,FOX,true,
2026,REG,7,Week 7,2026102510,60282,aaf700e5-4feb-11f1-abca-2c54536568a9,10/25/2026,2026-10-25T20:25:00Z,16:25:00,1792959900000,2520,LV,Las Vegas Raiders,Raiders,2510,LAR,Los Angeles Rams,Rams,,,,1510,Allegiant Stadium,Paradise,NV,INDOOR,FOX,true,
2026,REG,7,Week 7,2026102511,60283,aaf7040e-4feb-11f1-abca-2c54536568a9,10/25/2026,2026-10-26T00:20:00Z,20:20:00,1792974000000,4600,SEA,Seattle Seahawks,Seahawks,2310,KC,Kansas City Chiefs,Chiefs,,,,5315,Lumen Field,Seattle,WA,OUTDOOR,NBC,true,
2026,REG,7,Week 7,2026102600,60284,aaf70733-4feb-11f1-abca-2c54536568a9,10/26/2026,2026-10-27T00:15:00Z,20:15:00,1793060100000,3700,PHI,Philadelphia Eagles,Eagles,1200,DAL,Dallas Cowboys,Cowboys,,,,2769,Lincoln Financial Field,Philadelphia,PA,OUTDOOR,ESPN,true,
2026,REG,8,Week 8,2026102900,60285,aaf70a66-4feb-11f1-abca-2c54536568a9,10/29/2026,2026-10-30T00:15:00Z,20:15:00,1793319300000,1800,GB,Green Bay Packers,Packers,0750,CAR,Carolina Panthers,Panthers,,,,2606,Lambeau Field,Green Bay,WI,OUTDOOR,Prime Video,true,
2026,REG,8,Week 8,2026110100,60286,aaf70dac-4feb-11f1-abca-2c54536568a9,11/01/2026,2026-11-01T18:00:00Z,13:00:00,1793556000000,0610,BUF,Buffalo Bills,Bills,0325,BAL,Baltimore Ravens,Ravens,,,,5780,Highmark Stadium,Orchard Park,NY,OUTDOOR,CBS,true,
2026,REG,8,Week 8,2026110101,60287,aaf71176-4feb-11f1-abca-2c54536568a9,11/01/2026,2026-11-01T18:00:00Z,13:00:00,1793556000000,0920,CIN,Cincinnati Bengals,Bengals,2100,TEN,Tennessee Titans,Titans,,,,3530,Paycor Stadium,Cincinnati,OH,OUTDOOR,CBS,true,
2026,REG,8,Week 8,2026110102,60288,ab16512c-4feb-11f1-abca-2c54536568a9,11/01/2026,2026-11-01T18:00:00Z,13:00:00,1793556000000,1200,DAL,Dallas Cowboys,Cowboys,3800,AZ,Arizona Cardinals,Cardinals,,,,4948,AT&T Stadium,Arlington,TX,RETRACTABLE,FOX,true,
2026,REG,8,Week 8,2026110103,60289,ab165aa8-4feb-11f1-abca-2c54536568a9,11/01/2026,2026-11-01T18:00:00Z,13:00:00,1793556000000,1540,DET,Detroit Lions,Lions,3000,MIN,Minnesota Vikings,Vikings,,,,2026,Ford Field,Detroit,MI,INDOOR,FOX,true,
2026,REG,8,Week 8,2026110104,60290,ab165e6a-4feb-11f1-abca-2c54536568a9,11/01/2026,2026-11-01T18:00:00Z,13:00:00,1793556000000,2250,JAX,Jacksonville Jaguars,Jaguars,2200,IND,Indianapolis Colts,Colts,,,,2049,EverBank Stadium,Jacksonville,FL,OUTDOOR,CBS,true,
2026,REG,8,Week 8,2026110105,60291,ab1661ac-4feb-11f1-abca-2c54536568a9,11/01/2026,2026-11-01T18:00:00Z,13:00:00,1793556000000,3430,NYJ,New York Jets,Jets,2520,LV,Las Vegas Raiders,Raiders,,,,3757,MetLife Stadium,East Rutherford,NJ,OUTDOOR,FOX,true,
2026,REG,8,Week 8,2026110106,60292,ab1664ca-4feb-11f1-abca-2c54536568a9,11/01/2026,2026-11-01T18:00:00Z,13:00:00,1793556000000,3900,PIT,Pittsburgh Steelers,Steelers,1050,CLE,Cleveland Browns,Browns,,,,5411,Acrisure Stadium,Pittsburgh,PA,OUTDOOR,CBS,true,
2026,REG,8,Week 8,2026110107,60293,ab1667cd-4feb-11f1-abca-2c54536568a9,11/01/2026,2026-11-01T18:00:00Z,13:00:00,1793556000000,4900,TB,Tampa Bay Buccaneers,Buccaneers,0200,ATL,Atlanta Falcons,Falcons,,,,3697,Raymond James Stadium,Tampa,FL,OUTDOOR,FOX,true,
2026,REG,8,Week 8,2026110108,60294,ab166ac0-4feb-11f1-abca-2c54536568a9,11/01/2026,2026-11-01T21:05:00Z,16:05:00,1793567100000,2510,LAR,Los Angeles Rams,Rams,4400,LAC,Los Angeles Chargers,Chargers,,,,3005,SoFi Stadium,Inglewood,CA,OUTDOOR,FOX,true,
2026,REG,8,Week 8,2026110109,60295,ab166dc7-4feb-11f1-abca-2c54536568a9,11/01/2026,2026-11-01T21:25:00Z,16:25:00,1793568300000,1400,DEN,Denver Broncos,Broncos,2310,KC,Kansas City Chiefs,Chiefs,,,,5786,Empower Field at Mile High,Denver,CO,OUTDOOR,CBS,true,
2026,REG,8,Week 8,2026110110,60296,ab1670ad-4feb-11f1-abca-2c54536568a9,11/01/2026,2026-11-01T21:25:00Z,16:25:00,1793568300000,2700,MIA,Miami Dolphins,Dolphins,3200,NE,New England Patriots,Patriots,,,,2475,Hard Rock Stadium,Opa Locka,FL,OUTDOOR,CBS,true,
2026,REG,8,Week 8,2026110111,60297,ab167386-4feb-11f1-abca-2c54536568a9,11/01/2026,2026-11-02T01:20:00Z,20:20:00,1793582400000,5110,WAS,Washington Commanders,Commanders,3700,PHI,Philadelphia Eagles,Eagles,,,,2389,Northwest Stadium,Landover,MD,OUTDOOR,NBC,true,
2026,REG,8,Week 8,2026110200,60298,ab37feaa-4feb-11f1-abca-2c54536568a9,11/02/2026,2026-11-03T01:15:00Z,20:15:00,1793668500000,4600,SEA,Seattle Seahawks,Seahawks,0810,CHI,Chicago Bears,Bears,,,,5315,Lumen Field,Seattle,WA,OUTDOOR,ESPN,true,
2026,REG,9,Week 9,2026110500,60299,ab380826-4feb-11f1-abca-2c54536568a9,11/05/2026,2026-11-06T01:15:00Z,20:15:00,1793927700000,0325,BAL,Baltimore Ravens,Ravens,2250,JAX,Jacksonville Jaguars,Jaguars,,,,3695,M&T Bank Stadium,Baltimore,MD,OUTDOOR,Prime Video,true,
2026,REG,9,Week 9,2026110800,60300,ab380bc7-4feb-11f1-abca-2c54536568a9,11/08/2026,2026-11-08T14:30:00Z,09:30:00,1794148200000,0200,ATL,Atlanta Falcons,Falcons,0920,CIN,Cincinnati Bengals,Bengals,,,,4386,Bernabeu,Madrid,,OUTDOOR,NFL NETWORK,true,
2026,REG,9,Week 9,2026110801,60301,ab380efd-4feb-11f1-abca-2c54536568a9,11/08/2026,2026-11-08T18:00:00Z,13:00:00,1794160800000,0750,CAR,Carolina Panthers,Panthers,1400,DEN,Denver Broncos,Broncos,,,,1769,Bank of America Stadium,Charlotte,NC,OUTDOOR,CBS,true,
2026,REG,9,Week 9,2026110802,60302,ab38123a-4feb-11f1-abca-2c54536568a9,11/08/2026,2026-11-08T18:00:00Z,13:00:00,1794160800000,2200,IND,Indianapolis Colts,Colts,1200,DAL,Dallas Cowboys,Cowboys,,,,2878,Lucas Oil Stadium,Indianapolis,IN,INDOOR,FOX,true,
2026,REG,9,Week 9,2026110803,60303,ab381724-4feb-11f1-abca-2c54536568a9,11/08/2026,2026-11-08T18:00:00Z,13:00:00,1794160800000,2310,KC,Kansas City Chiefs,Chiefs,3430,NYJ,New York Jets,Jets,,,,1552,Arrowhead Stadium,Kansas City,MO,OUTDOOR,CBS,true,
2026,REG,9,Week 9,2026110804,60304,ab381a59-4feb-11f1-abca-2c54536568a9,11/08/2026,2026-11-08T18:00:00Z,13:00:00,1794160800000,2700,MIA,Miami Dolphins,Dolphins,1540,DET,Detroit Lions,Lions,,,,2475,Hard Rock Stadium,Opa Locka,FL,OUTDOOR,FOX,true,
2026,REG,9,Week 9,2026110805,60305,ab381d58-4feb-11f1-abca-2c54536568a9,11/08/2026,2026-11-08T18:00:00Z,13:00:00,1794160800000,3300,NO,New Orleans Saints,Saints,1050,CLE,Cleveland Browns,Browns,,,,2870,Caesars Superdome,New Orleans,LA,INDOOR,CBS,true,
2026,REG,9,Week 9,2026110806,60306,ab38203e-4feb-11f1-abca-2c54536568a9,11/08/2026,2026-11-08T18:00:00Z,13:00:00,1794160800000,3700,PHI,Philadelphia Eagles,Eagles,3410,NYG,New York Giants,Giants,,,,2769,Lincoln Financial Field,Philadelphia,PA,OUTDOOR,FOX,true,
2026,REG,9,Week 9,2026110807,60307,ab382331-4feb-11f1-abca-2c54536568a9,11/08/2026,2026-11-08T18:00:00Z,13:00:00,1794160800000,5110,WAS,Washington Commanders,Commanders,2510,LAR,Los Angeles Rams,Rams,,,,2389,Northwest Stadium,Landover,MD,OUTDOOR,FOX,true,
2026,REG,9,Week 9,2026110808,60308,ab580cb7-4feb-11f1-abca-2c54536568a9,11/08/2026,2026-11-08T21:05:00Z,16:05:00,1794171900000,4400,LAC,Los Angeles Chargers,Chargers,2120,HOU,Houston Texans,Texans,,,,3005,SoFi Stadium,Inglewood,CA,OUTDOOR,CBS,true,
2026,REG,9,Week 9,2026110809,60309,ab581766-4feb-11f1-abca-2c54536568a9,11/08/2026,2026-11-08T21:05:00Z,16:05:00,1794171900000,4500,SF,San Francisco 49ers,49ers,2520,LV,Las Vegas Raiders,Raiders,,,,2099,Levi's® Stadium,Santa Clara,CA,OUTDOOR,CBS,true,
2026,REG,9,Week 9,2026110810,60310,ab581b93-4feb-11f1-abca-2c54536568a9,11/08/2026,2026-11-08T21:25:00Z,16:25:00,1794173100000,3200,NE,New England Patriots,Patriots,1800,GB,Green Bay Packers,Packers,,,,1065,Gillette Stadium,Foxborough,MA,OUTDOOR,FOX,true,
2026,REG,9,Week 9,2026110811,60311,ab581f17-4feb-11f1-abca-2c54536568a9,11/08/2026,2026-11-08T21:25:00Z,16:25:00,1794173100000,4600,SEA,Seattle Seahawks,Seahawks,3800,AZ,Arizona Cardinals,Cardinals,,,,5315,Lumen Field,Seattle,WA,OUTDOOR,FOX,true,
2026,REG,9,Week 9,2026110812,60312,ab582247-4feb-11f1-abca-2c54536568a9,11/08/2026,2026-11-09T01:20:00Z,20:20:00,1794187200000,0810,CHI,Chicago Bears,Bears,4900,TB,Tampa Bay Buccaneers,Buccaneers,,,,4620,Soldier Field,Chicago,IL,OUTDOOR,NBC,true,
2026,REG,9,Week 9,2026110900,60313,ab5825a7-4feb-11f1-abca-2c54536568a9,11/09/2026,2026-11-10T01:15:00Z,20:15:00,1794273300000,3000,MIN,Minnesota Vikings,Vikings,0610,BUF,Buffalo Bills,Bills,,,,1652,U.S. Bank Stadium,Minneapolis,MN,INDOOR,ESPN,true,
2026,REG,10,Week 10,2026111200,60314,ab5828d9-4feb-11f1-abca-2c54536568a9,11/12/2026,2026-11-13T01:15:00Z,20:15:00,1794532500000,3410,NYG,New York Giants,Giants,5110,WAS,Washington Commanders,Commanders,,,,3757,MetLife Stadium,East Rutherford,NJ,OUTDOOR,Prime Video,true,
2026,REG,10,Week 10,2026111500,60315,ab582c2f-4feb-11f1-abca-2c54536568a9,11/15/2026,2026-11-15T14:30:00Z,09:30:00,1794753000000,1540,DET,Detroit Lions,Lions,3200,NE,New England Patriots,Patriots,,,,1909,FC Bayern Munich Stadium,Munich,,RETRACTABLE,FOX,true,
2026,REG,10,Week 10,2026111501,60316,ab582f5b-4feb-11f1-abca-2c54536568a9,11/15/2026,2026-11-15T18:00:00Z,13:00:00,1794765600000,0200,ATL,Atlanta Falcons,Falcons,2310,KC,Kansas City Chiefs,Chiefs,,,,2076,Mercedes-Benz Stadium,Atlanta,GA,INDOOR,CBS,true,
2026,REG,10,Week 10,2026111502,60317,ab583279-4feb-11f1-abca-2c54536568a9,11/15/2026,2026-11-15T18:00:00Z,13:00:00,1794765600000,1050,CLE,Cleveland Browns,Browns,2120,HOU,Houston Texans,Texans,,,,1048,Huntington Bank Field,Cleveland,OH,OUTDOOR,FOX,true,
2026,REG,10,Week 10,2026111503,60318,ab788967-4feb-11f1-abca-2c54536568a9,11/15/2026,2026-11-15T18:00:00Z,13:00:00,1794765600000,1800,GB,Green Bay Packers,Packers,3000,MIN,Minnesota Vikings,Vikings,,,,2606,Lambeau Field,Green Bay,WI,OUTDOOR,FOX,true,
2026,REG,10,Week 10,2026111504,60319,ab789365-4feb-11f1-abca-2c54536568a9,11/15/2026,2026-11-15T18:00:00Z,13:00:00,1794765600000,2200,IND,Indianapolis Colts,Colts,2700,MIA,Miami Dolphins,Dolphins,,,,2878,Lucas Oil Stadium,Indianapolis,IN,INDOOR,CBS,true,
2026,REG,10,Week 10,2026111505,60320,ab789769-4feb-11f1-abca-2c54536568a9,11/15/2026,2026-11-15T18:00:00Z,13:00:00,1794765600000,3300,NO,New Orleans Saints,Saints,0750,CAR,Carolina Panthers,Panthers,,,,2870,Caesars Superdome,New Orleans,LA,INDOOR,FOX,true,
2026,REG,10,Week 10,2026111506,60321,ab789ac9-4feb-11f1-abca-2c54536568a9,11/15/2026,2026-11-15T18:00:00Z,13:00:00,1794765600000,3430,NYJ,New York Jets,Jets,0610,BUF,Buffalo Bills,Bills,,,,3757,MetLife Stadium,East Rutherford,NJ,OUTDOOR,CBS,true,
2026,REG,10,Week 10,2026111507,60322,ab789e15-4feb-11f1-abca-2c54536568a9,11/15/2026,2026-11-15T18:00:00Z,13:00:00,1794765600000,2100,TEN,Tennessee Titans,Titans,2250,JAX,Jacksonville Jaguars,Jaguars,,,,2350,Nissan Stadium,Nashville,TN,OUTDOOR,FOX,true,
2026,REG,10,Week 10,2026111508,60323,ab78a133-4feb-11f1-abca-2c54536568a9,11/15/2026,2026-11-15T21:05:00Z,16:05:00,1794776700000,3800,AZ,Arizona Cardinals,Cardinals,2510,LAR,Los Angeles Rams,Rams,,,,1907,State Farm Stadium,Glendale,AZ,RETRACTABLE,CBS,true,
2026,REG,10,Week 10,2026111509,60324,ab78a43c-4feb-11f1-abca-2c54536568a9,11/15/2026,2026-11-15T21:05:00Z,16:05:00,1794776700000,2520,LV,Las Vegas Raiders,Raiders,4600,SEA,Seattle Seahawks,Seahawks,,,,1510,Allegiant Stadium,Paradise,NV,INDOOR,CBS,true,
2026,REG,10,Week 10,2026111510,60325,ab78a748-4feb-11f1-abca-2c54536568a9,11/15/2026,2026-11-15T21:25:00Z,16:25:00,1794777900000,1200,DAL,Dallas Cowboys,Cowboys,4500,SF,San Francisco 49ers,49ers,,,,4948,AT&T Stadium,Arlington,TX,RETRACTABLE,FOX,true,
2026,REG,10,Week 10,2026111511,60326,ab78aa48-4feb-11f1-abca-2c54536568a9,11/15/2026,2026-11-16T01:20:00Z,20:20:00,1794792000000,0920,CIN,Cincinnati Bengals,Bengals,3900,PIT,Pittsburgh Steelers,Steelers,,,,3530,Paycor Stadium,Cincinnati,OH,OUTDOOR,NBC,true,
2026,REG,10,Week 10,2026111600,60327,ab78ad5a-4feb-11f1-abca-2c54536568a9,11/16/2026,2026-11-17T01:15:00Z,20:15:00,1794878100000,0325,BAL,Baltimore Ravens,Ravens,4400,LAC,Los Angeles Chargers,Chargers,,,,3695,M&T Bank Stadium,Baltimore,MD,OUTDOOR,ESPN,true,
2026,REG,11,Week 11,2026111900,60328,ab997d97-4feb-11f1-abca-2c54536568a9,11/19/2026,2026-11-20T01:15:00Z,20:15:00,1795137300000,2120,HOU,Houston Texans,Texans,2200,IND,Indianapolis Colts,Colts,,,,3698,Reliant Stadium,Houston,TX,OUTDOOR,Prime Video,true,
2026,REG,11,Week 11,2026112200,60329,ab998769-4feb-11f1-abca-2c54536568a9,11/22/2026,2026-11-22T18:00:00Z,13:00:00,1795370400000,0610,BUF,Buffalo Bills,Bills,2700,MIA,Miami Dolphins,Dolphins,,,,5780,Highmark Stadium,Orchard Park,NY,OUTDOOR,FOX,true,
2026,REG,11,Week 11,2026112201,60330,ab998b7f-4feb-11f1-abca-2c54536568a9,11/22/2026,2026-11-22T18:00:00Z,13:00:00,1795370400000,0750,CAR,Carolina Panthers,Panthers,0325,BAL,Baltimore Ravens,Ravens,,,,1769,Bank of America Stadium,Charlotte,NC,OUTDOOR,FOX,true,
2026,REG,11,Week 11,2026112202,60331,ab998f5e-4feb-11f1-abca-2c54536568a9,11/22/2026,2026-11-22T18:00:00Z,13:00:00,1795370400000,0810,CHI,Chicago Bears,Bears,3300,NO,New Orleans Saints,Saints,,,,4620,Soldier Field,Chicago,IL,OUTDOOR,FOX,true,
2026,REG,11,Week 11,2026112203,60332,ab99929a-4feb-11f1-abca-2c54536568a9,11/22/2026,2026-11-22T18:00:00Z,13:00:00,1795370400000,1200,DAL,Dallas Cowboys,Cowboys,2100,TEN,Tennessee Titans,Titans,,,,4948,AT&T Stadium,Arlington,TX,RETRACTABLE,FOX,true,
2026,REG,11,Week 11,2026112204,60333,ab999586-4feb-11f1-abca-2c54536568a9,11/22/2026,2026-11-22T18:00:00Z,13:00:00,1795370400000,1540,DET,Detroit Lions,Lions,4900,TB,Tampa Bay Buccaneers,Buccaneers,,,,2026,Ford Field,Detroit,MI,INDOOR,CBS,true,
2026,REG,11,Week 11,2026112205,60334,ab999891-4feb-11f1-abca-2c54536568a9,11/22/2026,2026-11-22T18:00:00Z,13:00:00,1795370400000,2310,KC,Kansas City Chiefs,Chiefs,3800,AZ,Arizona Cardinals,Cardinals,,,,1552,Arrowhead Stadium,Kansas City,MO,OUTDOOR,CBS,true,
2026,REG,11,Week 11,2026112206,60335,ab999b80-4feb-11f1-abca-2c54536568a9,11/22/2026,2026-11-22T18:00:00Z,13:00:00,1795370400000,3410,NYG,New York Giants,Giants,2250,JAX,Jacksonville Jaguars,Jaguars,,,,3757,MetLife Stadium,East Rutherford,NJ,OUTDOOR,CBS,true,
2026,REG,11,Week 11,2026112207,60336,ab999e6f-4feb-11f1-abca-2c54536568a9,11/22/2026,2026-11-22T21:05:00Z,16:05:00,1795381500000,4400,LAC,Los Angeles Chargers,Chargers,3430,NYJ,New York Jets,Jets,,,,3005,SoFi Stadium,Inglewood,CA,OUTDOOR,FOX,true,
2026,REG,11,Week 11,2026112208,60337,ab99a17b-4feb-11f1-abca-2c54536568a9,11/22/2026,2026-11-22T21:25:00Z,16:25:00,1795382700000,1400,DEN,Denver Broncos,Broncos,2520,LV,Las Vegas Raiders,Raiders,,,,5786,Empower Field at Mile High,Denver,CO,OUTDOOR,CBS,true,
2026,REG,11,Week 11,2026112209,60338,abbf1908-4feb-11f1-abca-2c54536568a9,11/22/2026,2026-11-22T21:25:00Z,16:25:00,1795382700000,3700,PHI,Philadelphia Eagles,Eagles,3900,PIT,Pittsburgh Steelers,Steelers,,,,2769,Lincoln Financial Field,Philadelphia,PA,OUTDOOR,CBS,true,
2026,REG,11,Week 11,2026112210,60339,abbf2213-4feb-11f1-abca-2c54536568a9,11/22/2026,2026-11-23T01:20:00Z,20:20:00,1795396800000,4500,SF,San Francisco 49ers,49ers,3000,MIN,Minnesota Vikings,Vikings,,,,2108,Estadio Banorte,Mexico City,,OUTDOOR,NBC,true,
2026,REG,11,Week 11,2026112300,60340,abbf25b8-4feb-11f1-abca-2c54536568a9,11/23/2026,2026-11-24T01:15:00Z,20:15:00,1795482900000,5110,WAS,Washington Commanders,Commanders,0920,CIN,Cincinnati Bengals,Bengals,,,,2389,Northwest Stadium,Landover,MD,OUTDOOR,ESPN,true,
2026,REG,12,Week 12,2026112500,60341,abbf28ed-4feb-11f1-abca-2c54536568a9,11/25/2026,2026-11-26T01:00:00Z,20:00:00,1795654800000,2510,LAR,Los Angeles Rams,Rams,1800,GB,Green Bay Packers,Packers,,,,3005,SoFi Stadium,Inglewood,CA,OUTDOOR,NETFLIX,true,
2026,REG,12,Week 12,2026112600,60342,abbf2c16-4feb-11f1-abca-2c54536568a9,11/26/2026,2026-11-26T18:00:00Z,13:00:00,1795716000000,1540,DET,Detroit Lions,Lions,0810,CHI,Chicago Bears,Bears,,,,2026,Ford Field,Detroit,MI,INDOOR,CBS,true,
2026,REG,12,Week 12,2026112601,60343,abbf2f12-4feb-11f1-abca-2c54536568a9,11/26/2026,2026-11-26T21:30:00Z,16:30:00,1795728600000,1200,DAL,Dallas Cowboys,Cowboys,3700,PHI,Philadelphia Eagles,Eagles,,,,4948,AT&T Stadium,Arlington,TX,RETRACTABLE,FOX,true,
2026,REG,12,Week 12,2026112602,60344,abbf321b-4feb-11f1-abca-2c54536568a9,11/26/2026,2026-11-27T01:20:00Z,20:20:00,1795742400000,0610,BUF,Buffalo Bills,Bills,2310,KC,Kansas City Chiefs,Chiefs,,,,5780,Highmark Stadium,Orchard Park,NY,OUTDOOR,NBC,true,
2026,REG,12,Week 12,2026112700,60345,abbf352d-4feb-11f1-abca-2c54536568a9,11/27/2026,2026-11-27T20:00:00Z,15:00:00,1795809600000,3900,PIT,Pittsburgh Steelers,Steelers,1400,DEN,Denver Broncos,Broncos,,,,5411,Acrisure Stadium,Pittsburgh,PA,OUTDOOR,Prime Video,true,
2026,REG,12,Week 12,2026112900,60346,abbf3917-4feb-11f1-abca-2c54536568a9,11/29/2026,2026-11-29T18:00:00Z,13:00:00,1795975200000,0920,CIN,Cincinnati Bengals,Bengals,3300,NO,New Orleans Saints,Saints,,,,3530,Paycor Stadium,Cincinnati,OH,OUTDOOR,CBS,true,
2026,REG,12,Week 12,2026112901,60347,abbf3c97-4feb-11f1-abca-2c54536568a9,11/29/2026,2026-11-29T18:00:00Z,13:00:00,1795975200000,1050,CLE,Cleveland Browns,Browns,2520,LV,Las Vegas Raiders,Raiders,,,,1048,Huntington Bank Field,Cleveland,OH,OUTDOOR,FOX,true,
2026,REG,12,Week 12,2026112902,60348,abdfc3c2-4feb-11f1-abca-2c54536568a9,11/29/2026,2026-11-29T18:00:00Z,13:00:00,1795975200000,2120,HOU,Houston Texans,Texans,0325,BAL,Baltimore Ravens,Ravens,,,,3698,Reliant Stadium,Houston,TX,OUTDOOR,CBS,true,
2026,REG,12,Week 12,2026112903,60349,abdfccbb-4feb-11f1-abca-2c54536568a9,11/29/2026,2026-11-29T18:00:00Z,13:00:00,1795975200000,2200,IND,Indianapolis Colts,Colts,3410,NYG,New York Giants,Giants,,,,2878,Lucas Oil Stadium,Indianapolis,IN,INDOOR,FOX,true,
2026,REG,12,Week 12,2026112904,60350,abdfd040-4feb-11f1-abca-2c54536568a9,11/29/2026,2026-11-29T18:00:00Z,13:00:00,1795975200000,2700,MIA,Miami Dolphins,Dolphins,3430,NYJ,New York Jets,Jets,,,,2475,Hard Rock Stadium,Opa Locka,FL,OUTDOOR,CBS,true,
2026,REG,12,Week 12,2026112905,60351,abdfd363-4feb-11f1-abca-2c54536568a9,11/29/2026,2026-11-29T18:00:00Z,13:00:00,1795975200000,3000,MIN,Minnesota Vikings,Vikings,0200,ATL,Atlanta Falcons,Falcons,,,,1652,U.S. Bank Stadium,Minneapolis,MN,INDOOR,FOX,true,
2026,REG,12,Week 12,2026112906,60352,abdfd663-4feb-11f1-abca-2c54536568a9,11/29/2026,2026-11-29T21:05:00Z,16:05:00,1795986300000,2250,JAX,Jacksonville Jaguars,Jaguars,2100,TEN,Tennessee Titans,Titans,,,,2049,EverBank Stadium,Jacksonville,FL,OUTDOOR,CBS,true,
2026,REG,12,Week 12,2026112907,60353,abdfd959-4feb-11f1-abca-2c54536568a9,11/29/2026,2026-11-29T21:25:00Z,16:25:00,1795987500000,3800,AZ,Arizona Cardinals,Cardinals,5110,WAS,Washington Commanders,Commanders,,,,1907,State Farm Stadium,Glendale,AZ,RETRACTABLE,FOX,true,
2026,REG,12,Week 12,2026112908,60354,abdfdd00-4feb-11f1-abca-2c54536568a9,11/29/2026,2026-11-29T21:25:00Z,16:25:00,1795987500000,4500,SF,San Francisco 49ers,49ers,4600,SEA,Seattle Seahawks,Seahawks,,,,2099,Levi's® Stadium,Santa Clara,CA,OUTDOOR,FOX,true,
2026,REG,12,Week 12,2026112909,60355,abdfe0ab-4feb-11f1-abca-2c54536568a9,11/29/2026,2026-11-30T01:20:00Z,20:20:00,1796001600000,4400,LAC,Los Angeles Chargers,Chargers,3200,NE,New England Patriots,Patriots,,,,3005,SoFi Stadium,Inglewood,CA,OUTDOOR,NBC,true,
2026,REG,12,Week 12,2026113000,60356,abdfe629-4feb-11f1-abca-2c54536568a9,11/30/2026,2026-12-01T01:15:00Z,20:15:00,1796087700000,4900,TB,Tampa Bay Buccaneers,Buccaneers,0750,CAR,Carolina Panthers,Panthers,,,,3697,Raymond James Stadium,Tampa,FL,OUTDOOR,ESPN,true,
2026,REG,13,Week 13,2026120300,60357,abdfe9fb-4feb-11f1-abca-2c54536568a9,12/03/2026,2026-12-04T01:15:00Z,20:15:00,1796346900000,2510,LAR,Los Angeles Rams,Rams,2310,KC,Kansas City Chiefs,Chiefs,,,,3005,SoFi Stadium,Inglewood,CA,OUTDOOR,Prime Video,true,
2026,REG,13,Week 13,2026120600,60358,ac014f46-4feb-11f1-abca-2c54536568a9,12/06/2026,2026-12-06T18:00:00Z,13:00:00,1796580000000,0200,ATL,Atlanta Falcons,Falcons,1540,DET,Detroit Lions,Lions,,,,2076,Mercedes-Benz Stadium,Atlanta,GA,INDOOR,CBS,true,
2026,REG,13,Week 13,2026120601,60359,ac015881-4feb-11f1-abca-2c54536568a9,12/06/2026,2026-12-06T18:00:00Z,13:00:00,1796580000000,0810,CHI,Chicago Bears,Bears,2250,JAX,Jacksonville Jaguars,Jaguars,,,,4620,Soldier Field,Chicago,IL,OUTDOOR,FOX,true,
2026,REG,13,Week 13,2026120602,60360,ac015cdc-4feb-11f1-abca-2c54536568a9,12/06/2026,2026-12-06T18:00:00Z,13:00:00,1796580000000,1050,CLE,Cleveland Browns,Browns,0920,CIN,Cincinnati Bengals,Bengals,,,,1048,Huntington Bank Field,Cleveland,OH,OUTDOOR,CBS,true,
2026,REG,13,Week 13,2026120603,60361,ac01603b-4feb-11f1-abca-2c54536568a9,12/06/2026,2026-12-06T18:00:00Z,13:00:00,1796580000000,3300,NO,New Orleans Saints,Saints,1800,GB,Green Bay Packers,Packers,,,,2870,Caesars Superdome,New Orleans,LA,INDOOR,FOX,true,
2026,REG,13,Week 13,2026120604,60362,ac016348-4feb-11f1-abca-2c54536568a9,12/06/2026,2026-12-06T18:00:00Z,13:00:00,1796580000000,3410,NYG,New York Giants,Giants,4500,SF,San Francisco 49ers,49ers,,,,3757,MetLife Stadium,East Rutherford,NJ,OUTDOOR,FOX,true,
2026,REG,13,Week 13,2026120605,60363,ac01664b-4feb-11f1-abca-2c54536568a9,12/06/2026,2026-12-06T18:00:00Z,13:00:00,1796580000000,4900,TB,Tampa Bay Buccaneers,Buccaneers,4400,LAC,Los Angeles Chargers,Chargers,,,,3697,Raymond James Stadium,Tampa,FL,OUTDOOR,CBS,true,
2026,REG,13,Week 13,2026120606,60364,ac016953-4feb-11f1-abca-2c54536568a9,12/06/2026,2026-12-06T18:00:00Z,13:00:00,1796580000000,2100,TEN,Tennessee Titans,Titans,5110,WAS,Washington Commanders,Commanders,,,,2350,Nissan Stadium,Nashville,TN,OUTDOOR,CBS,true,
2026,REG,13,Week 13,2026120607,60365,ac016c40-4feb-11f1-abca-2c54536568a9,12/06/2026,2026-12-06T21:05:00Z,16:05:00,1796591100000,3800,AZ,Arizona Cardinals,Cardinals,3700,PHI,Philadelphia Eagles,Eagles,,,,1907,State Farm Stadium,Glendale,AZ,RETRACTABLE,FOX,true,
2026,REG,13,Week 13,2026120608,60366,ac016f2b-4feb-11f1-abca-2c54536568a9,12/06/2026,2026-12-06T21:05:00Z,16:05:00,1796591100000,1400,DEN,Denver Broncos,Broncos,2700,MIA,Miami Dolphins,Dolphins,,,,5786,Empower Field at Mile High,Denver,CO,OUTDOOR,FOX,true,
2026,REG,13,Week 13,2026120609,60367,ac017212-4feb-11f1-abca-2c54536568a9,12/06/2026,2026-12-06T21:25:00Z,16:25:00,1796592300000,3000,MIN,Minnesota Vikings,Vikings,0750,CAR,Carolina Panthers,Panthers,,,,1652,U.S. Bank Stadium,Minneapolis,MN,INDOOR,CBS,true,
2026,REG,13,Week 13,2026120610,60368,ac207191-4feb-11f1-abca-2c54536568a9,12/06/2026,2026-12-06T21:25:00Z,16:25:00,1796592300000,3200,NE,New England Patriots,Patriots,0610,BUF,Buffalo Bills,Bills,,,,1065,Gillette Stadium,Foxborough,MA,OUTDOOR,CBS,true,
2026,REG,13,Week 13,2026120611,60369,ac207ad3-4feb-11f1-abca-2c54536568a9,12/06/2026,2026-12-07T01:20:00Z,20:20:00,1796606400000,3900,PIT,Pittsburgh Steelers,Steelers,2120,HOU,Houston Texans,Texans,,,,5411,Acrisure Stadium,Pittsburgh,PA,OUTDOOR,NBC,true,
2026,REG,13,Week 13,2026120700,60370,ac207eae-4feb-11f1-abca-2c54536568a9,12/07/2026,2026-12-08T01:15:00Z,20:15:00,1796692500000,4600,SEA,Seattle Seahawks,Seahawks,1200,DAL,Dallas Cowboys,Cowboys,,,,5315,Lumen Field,Seattle,WA,OUTDOOR,ESPN,true,
2026,REG,14,Week 14,2026121000,60371,ac208212-4feb-11f1-abca-2c54536568a9,12/10/2026,2026-12-11T01:15:00Z,20:15:00,1796951700000,3200,NE,New England Patriots,Patriots,3000,MIN,Minnesota Vikings,Vikings,,,,1065,Gillette Stadium,Foxborough,MA,OUTDOOR,Prime Video,true,
2026,REG,14,Week 14,2026121300,60372,ac208548-4feb-11f1-abca-2c54536568a9,12/13/2026,2026-12-13T18:00:00Z,13:00:00,1797184800000,0325,BAL,Baltimore Ravens,Ravens,4900,TB,Tampa Bay Buccaneers,Buccaneers,,,,3695,M&T Bank Stadium,Baltimore,MD,OUTDOOR,FOX,true,
2026,REG,14,Week 14,2026121301,60373,ac208883-4feb-11f1-abca-2c54536568a9,12/13/2026,2026-12-13T18:00:00Z,13:00:00,1797184800000,0750,CAR,Carolina Panthers,Panthers,3300,NO,New Orleans Saints,Saints,,,,1769,Bank of America Stadium,Charlotte,NC,OUTDOOR,CBS,true,
2026,REG,14,Week 14,2026121302,60374,ac208bad-4feb-11f1-abca-2c54536568a9,12/13/2026,2026-12-13T18:00:00Z,13:00:00,1797184800000,1050,CLE,Cleveland Browns,Browns,0200,ATL,Atlanta Falcons,Falcons,,,,1048,Huntington Bank Field,Cleveland,OH,OUTDOOR,CBS,true,
2026,REG,14,Week 14,2026121303,60375,ac208ebc-4feb-11f1-abca-2c54536568a9,12/13/2026,2026-12-13T18:00:00Z,13:00:00,1797184800000,1540,DET,Detroit Lions,Lions,2100,TEN,Tennessee Titans,Titans,,,,2026,Ford Field,Detroit,MI,INDOOR,FOX,true,
2026,REG,14,Week 14,2026121304,60376,ac2091af-4feb-11f1-abca-2c54536568a9,12/13/2026,2026-12-13T18:00:00Z,13:00:00,1797184800000,2700,MIA,Miami Dolphins,Dolphins,0810,CHI,Chicago Bears,Bears,,,,2475,Hard Rock Stadium,Opa Locka,FL,OUTDOOR,CBS,true,
2026,REG,14,Week 14,2026121305,60377,ac2094c8-4feb-11f1-abca-2c54536568a9,12/13/2026,2026-12-13T18:00:00Z,13:00:00,1797184800000,3430,NYJ,New York Jets,Jets,1400,DEN,Denver Broncos,Broncos,,,,3757,MetLife Stadium,East Rutherford,NJ,OUTDOOR,CBS,true,
2026,REG,14,Week 14,2026121306,60378,ac411814-4feb-11f1-abca-2c54536568a9,12/13/2026,2026-12-13T18:00:00Z,13:00:00,1797184800000,3700,PHI,Philadelphia Eagles,Eagles,2200,IND,Indianapolis Colts,Colts,,,,2769,Lincoln Financial Field,Philadelphia,PA,OUTDOOR,FOX,true,
2026,REG,14,Week 14,2026121307,60379,ac4122e2-4feb-11f1-abca-2c54536568a9,12/13/2026,2026-12-13T18:00:00Z,13:00:00,1797184800000,5110,WAS,Washington Commanders,Commanders,2120,HOU,Houston Texans,Texans,,,,2389,Northwest Stadium,Landover,MD,OUTDOOR,CBS,true,
2026,REG,14,Week 14,2026121308,60380,ac4128a9-4feb-11f1-abca-2c54536568a9,12/13/2026,2026-12-13T21:05:00Z,16:05:00,1797195900000,2520,LV,Las Vegas Raiders,Raiders,4400,LAC,Los Angeles Chargers,Chargers,,,,1510,Allegiant Stadium,Paradise,NV,INDOOR,CBS,true,
2026,REG,14,Week 14,2026121309,60381,ac412c64-4feb-11f1-abca-2c54536568a9,12/13/2026,2026-12-13T21:25:00Z,16:25:00,1797197100000,0920,CIN,Cincinnati Bengals,Bengals,2310,KC,Kansas City Chiefs,Chiefs,,,,3530,Paycor Stadium,Cincinnati,OH,OUTDOOR,FOX,true,
2026,REG,14,Week 14,2026121310,60382,ac413167-4feb-11f1-abca-2c54536568a9,12/13/2026,2026-12-13T21:25:00Z,16:25:00,1797197100000,4600,SEA,Seattle Seahawks,Seahawks,3410,NYG,New York Giants,Giants,,,,5315,Lumen Field,Seattle,WA,OUTDOOR,FOX,true,
2026,REG,14,Week 14,2026121311,60383,ac4134f5-4feb-11f1-abca-2c54536568a9,12/13/2026,2026-12-13T21:25:00Z,16:25:00,1797197100000,4500,SF,San Francisco 49ers,49ers,2510,LAR,Los Angeles Rams,Rams,,,,2099,Levi's® Stadium,Santa Clara,CA,OUTDOOR,FOX,true,
2026,REG,14,Week 14,2026121312,60384,ac41381d-4feb-11f1-abca-2c54536568a9,12/13/2026,2026-12-14T01:20:00Z,20:20:00,1797211200000,1800,GB,Green Bay Packers,Packers,0610,BUF,Buffalo Bills,Bills,,,,2606,Lambeau Field,Green Bay,WI,OUTDOOR,NBC,true,
2026,REG,14,Week 14,2026121400,60385,ac413b2b-4feb-11f1-abca-2c54536568a9,12/14/2026,2026-12-15T01:15:00Z,20:15:00,1797297300000,2250,JAX,Jacksonville Jaguars,Jaguars,3900,PIT,Pittsburgh Steelers,Steelers,,,,2049,EverBank Stadium,Jacksonville,FL,OUTDOOR,ESPN,true,
2026,REG,15,Week 15,2026121700,60386,ac413e34-4feb-11f1-abca-2c54536568a9,12/17/2026,2026-12-18T01:15:00Z,20:15:00,1797556500000,4400,LAC,Los Angeles Chargers,Chargers,4500,SF,San Francisco 49ers,49ers,,,,3005,SoFi Stadium,Inglewood,CA,OUTDOOR,Prime Video,true,
2026,REG,15,Week 15,2026121900,60388,ac603d57-4feb-11f1-abca-2c54536568a9,12/19/2026,2026-12-20T01:20:00Z,20:20:00,1797729600000,0610,BUF,Buffalo Bills,Bills,0810,CHI,Chicago Bears,Bears,,,,5780,Highmark Stadium,Orchard Park,NY,OUTDOOR,CBS,true,
2026,REG,15,Week 15,2026121901,60387,ac414151-4feb-11f1-abca-2c54536568a9,12/19/2026,2026-12-19T22:00:00Z,17:00:00,1797717600000,3700,PHI,Philadelphia Eagles,Eagles,4600,SEA,Seattle Seahawks,Seahawks,,,,2769,Lincoln Financial Field,Philadelphia,PA,OUTDOOR,FOX,true,
2026,REG,15,Week 15,2026122002,60389,ac6046a8-4feb-11f1-abca-2c54536568a9,12/20/2026,2026-12-20T18:00:00Z,13:00:00,1797789600000,0750,CAR,Carolina Panthers,Panthers,0920,CIN,Cincinnati Bengals,Bengals,,,,1769,Bank of America Stadium,Charlotte,NC,OUTDOOR,FOX,true,
2026,REG,15,Week 15,2026122003,60390,ac604a6e-4feb-11f1-abca-2c54536568a9,12/20/2026,2026-12-20T18:00:00Z,13:00:00,1797789600000,1800,GB,Green Bay Packers,Packers,2700,MIA,Miami Dolphins,Dolphins,,,,2606,Lambeau Field,Green Bay,WI,OUTDOOR,FOX,true,
2026,REG,15,Week 15,2026122004,60391,ac604e37-4feb-11f1-abca-2c54536568a9,12/20/2026,2026-12-20T18:00:00Z,13:00:00,1797789600000,2120,HOU,Houston Texans,Texans,2250,JAX,Jacksonville Jaguars,Jaguars,,,,3698,Reliant Stadium,Houston,TX,OUTDOOR,CBS,true,
2026,REG,15,Week 15,2026122005,60392,ac6051b9-4feb-11f1-abca-2c54536568a9,12/20/2026,2026-12-20T18:00:00Z,13:00:00,1797789600000,3410,NYG,New York Giants,Giants,1050,CLE,Cleveland Browns,Browns,,,,3757,MetLife Stadium,East Rutherford,NJ,OUTDOOR,CBS,true,
2026,REG,15,Week 15,2026122006,60393,ac60550d-4feb-11f1-abca-2c54536568a9,12/20/2026,2026-12-20T18:00:00Z,13:00:00,1797789600000,3900,PIT,Pittsburgh Steelers,Steelers,0325,BAL,Baltimore Ravens,Ravens,,,,5411,Acrisure Stadium,Pittsburgh,PA,OUTDOOR,CBS,true,
2026,REG,15,Week 15,2026122007,60394,ac60584b-4feb-11f1-abca-2c54536568a9,12/20/2026,2026-12-20T18:00:00Z,13:00:00,1797789600000,4900,TB,Tampa Bay Buccaneers,Buccaneers,3300,NO,New Orleans Saints,Saints,,,,3697,Raymond James Stadium,Tampa,FL,OUTDOOR,FOX,true,
2026,REG,15,Week 15,2026122008,60395,ac605b63-4feb-11f1-abca-2c54536568a9,12/20/2026,2026-12-20T18:00:00Z,13:00:00,1797789600000,2100,TEN,Tennessee Titans,Titans,2200,IND,Indianapolis Colts,Colts,,,,2350,Nissan Stadium,Nashville,TN,OUTDOOR,CBS,true,
2026,REG,15,Week 15,2026122009,60396,ac605e66-4feb-11f1-abca-2c54536568a9,12/20/2026,2026-12-20T18:00:00Z,13:00:00,1797789600000,5110,WAS,Washington Commanders,Commanders,0200,ATL,Atlanta Falcons,Falcons,,,,2389,Northwest Stadium,Landover,MD,OUTDOOR,FOX,true,
2026,REG,15,Week 15,2026122010,60397,ac60617b-4feb-11f1-abca-2c54536568a9,12/20/2026,2026-12-20T21:05:00Z,16:05:00,1797800700000,3800,AZ,Arizona Cardinals,Cardinals,3430,NYJ,New York Jets,Jets,,,,1907,State Farm Stadium,Glendale,AZ,RETRACTABLE,FOX,true,
2026,REG,15,Week 15,2026122011,60398,ac7f5336-4feb-11f1-abca-2c54536568a9,12/20/2026,2026-12-20T21:25:00Z,16:25:00,1797801900000,2510,LAR,Los Angeles Rams,Rams,1200,DAL,Dallas Cowboys,Cowboys,,,,3005,SoFi Stadium,Inglewood,CA,OUTDOOR,CBS,true,
2026,REG,15,Week 15,2026122012,60399,ac7f60fe-4feb-11f1-abca-2c54536568a9,12/20/2026,2026-12-20T21:25:00Z,16:25:00,1797801900000,2520,LV,Las Vegas Raiders,Raiders,1400,DEN,Denver Broncos,Broncos,,,,1510,Allegiant Stadium,Paradise,NV,INDOOR,CBS,true,
2026,REG,15,Week 15,2026122013,60400,ac7f6703-4feb-11f1-abca-2c54536568a9,12/20/2026,2026-12-21T01:20:00Z,20:20:00,1797816000000,3000,MIN,Minnesota Vikings,Vikings,1540,DET,Detroit Lions,Lions,,,,1652,U.S. Bank Stadium,Minneapolis,MN,INDOOR,NBC,true,
2026,REG,15,Week 15,2026122100,60401,ac7f6aff-4feb-11f1-abca-2c54536568a9,12/21/2026,2026-12-22T01:15:00Z,20:15:00,1797902100000,2310,KC,Kansas City Chiefs,Chiefs,3200,NE,New England Patriots,Patriots,,,,1552,Arrowhead Stadium,Kansas City,MO,OUTDOOR,ESPN,true,
2026,REG,16,Week 16,2026122400,60402,ac7f6e6e-4feb-11f1-abca-2c54536568a9,12/24/2026,2026-12-25T01:15:00Z,20:15:00,1798161300000,3700,PHI,Philadelphia Eagles,Eagles,2120,HOU,Houston Texans,Texans,,,,2769,Lincoln Financial Field,Philadelphia,PA,OUTDOOR,Prime Video,true,
2026,REG,16,Week 16,2026122500,60403,ac7f71a4-4feb-11f1-abca-2c54536568a9,12/25/2026,2026-12-25T18:00:00Z,13:00:00,1798221600000,0810,CHI,Chicago Bears,Bears,1800,GB,Green Bay Packers,Packers,,,,4620,Soldier Field,Chicago,IL,OUTDOOR,NETFLIX,true,
2026,REG,16,Week 16,2026122501,60404,ac7f74ca-4feb-11f1-abca-2c54536568a9,12/25/2026,2026-12-25T21:30:00Z,16:30:00,1798234200000,1400,DEN,Denver Broncos,Broncos,0610,BUF,Buffalo Bills,Bills,,,,5786,Empower Field at Mile High,Denver,CO,OUTDOOR,NETFLIX,true,
2026,REG,16,Week 16,2026122502,60405,ac7f77ed-4feb-11f1-abca-2c54536568a9,12/25/2026,2026-12-26T01:15:00Z,20:15:00,1798247700000,4600,SEA,Seattle Seahawks,Seahawks,2510,LAR,Los Angeles Rams,Rams,,,,5315,Lumen Field,Seattle,WA,OUTDOOR,FOX,true,
2026,REG,16,Week 16,2026122600,60406,ac7f7b15-4feb-11f1-abca-2c54536568a9,,,,,0200,ATL,Atlanta Falcons,Falcons,4900,TB,Tampa Bay Buccaneers,Buccaneers,,,,2076,Mercedes-Benz Stadium,Atlanta,GA,INDOOR,,true,
2026,REG,16,Week 16,2026122601,60407,ac7f7ddf-4feb-11f1-abca-2c54536568a9,,,,,2200,IND,Indianapolis Colts,Colts,0920,CIN,Cincinnati Bengals,Bengals,,,,2878,Lucas Oil Stadium,Indianapolis,IN,INDOOR,,true,
2026,REG,16,Week 16,2026122602,60408,ac9e2a00-4feb-11f1-abca-2c54536568a9,,,,,3000,MIN,Minnesota Vikings,Vikings,5110,WAS,Washington Commanders,Commanders,,,,1652,U.S. Bank Stadium,Minneapolis,MN,INDOOR,,true,
2026,REG,16,Week 16,2026122603,60409,ac9e330f-4feb-11f1-abca-2c54536568a9,,,,,3900,PIT,Pittsburgh Steelers,Steelers,0750,CAR,Carolina Panthers,Panthers,,,,5411,Acrisure Stadium,Pittsburgh,PA,OUTDOOR,,true,
2026,REG,16,Week 16,2026122704,60410,ac9e36ff-4feb-11f1-abca-2c54536568a9,12/27/2026,2026-12-27T18:00:00Z,13:00:00,1798394400000,0325,BAL,Baltimore Ravens,Ravens,1050,CLE,Cleveland Browns,Browns,,,,3695,M&T Bank Stadium,Baltimore,MD,OUTDOOR,CBS,true,
2026,REG,16,Week 16,2026122705,60411,ac9e3acb-4feb-11f1-abca-2c54536568a9,12/27/2026,2026-12-27T18:00:00Z,13:00:00,1798394400000,2700,MIA,Miami Dolphins,Dolphins,4400,LAC,Los Angeles Chargers,Chargers,,,,2475,Hard Rock Stadium,Opa Locka,FL,OUTDOOR,FOX,true,
2026,REG,16,Week 16,2026122706,60412,ac9e3e14-4feb-11f1-abca-2c54536568a9,12/27/2026,2026-12-27T18:00:00Z,13:00:00,1798394400000,3300,NO,New Orleans Saints,Saints,3800,AZ,Arizona Cardinals,Cardinals,,,,2870,Caesars Superdome,New Orleans,LA,INDOOR,FOX,true,
2026,REG,16,Week 16,2026122707,60413,ac9e4134-4feb-11f1-abca-2c54536568a9,12/27/2026,2026-12-27T18:00:00Z,13:00:00,1798394400000,3430,NYJ,New York Jets,Jets,3200,NE,New England Patriots,Patriots,,,,3757,MetLife Stadium,East Rutherford,NJ,OUTDOOR,CBS,true,
2026,REG,16,Week 16,2026122708,60414,ac9e442c-4feb-11f1-abca-2c54536568a9,12/27/2026,2026-12-27T21:05:00Z,16:05:00,1798405500000,2520,LV,Las Vegas Raiders,Raiders,2100,TEN,Tennessee Titans,Titans,,,,1510,Allegiant Stadium,Paradise,NV,INDOOR,FOX,true,
2026,REG,16,Week 16,2026122709,60415,ac9e473f-4feb-11f1-abca-2c54536568a9,12/27/2026,2026-12-27T21:25:00Z,16:25:00,1798406700000,2310,KC,Kansas City Chiefs,Chiefs,4500,SF,San Francisco 49ers,49ers,,,,1552,Arrowhead Stadium,Kansas City,MO,OUTDOOR,CBS,true,
2026,REG,16,Week 16,2026122710,60416,ac9e4a3a-4feb-11f1-abca-2c54536568a9,12/27/2026,2026-12-28T01:20:00Z,20:20:00,1798420800000,1200,DAL,Dallas Cowboys,Cowboys,2250,JAX,Jacksonville Jaguars,Jaguars,,,,4948,AT&T Stadium,Arlington,TX,RETRACTABLE,NBC,true,
2026,REG,16,Week 16,2026122800,60417,ac9e4d51-4feb-11f1-abca-2c54536568a9,12/28/2026,2026-12-29T01:15:00Z,20:15:00,1798506900000,1540,DET,Detroit Lions,Lions,3410,NYG,New York Giants,Giants,,,,2026,Ford Field,Detroit,MI,INDOOR,ESPN,true,
2026,REG,17,Week 17,2026123100,60418,acc1d288-4feb-11f1-abca-2c54536568a9,12/31/2026,2027-01-01T01:15:00Z,20:15:00,1798766100000,0920,CIN,Cincinnati Bengals,Bengals,0325,BAL,Baltimore Ravens,Ravens,,,,3530,Paycor Stadium,Cincinnati,OH,OUTDOOR,Prime Video,true,
2026,REG,17,Week 17,2027010200,60419,acc1dc59-4feb-11f1-abca-2c54536568a9,,,,,2250,JAX,Jacksonville Jaguars,Jaguars,5110,WAS,Washington Commanders,Commanders,,,,2049,EverBank Stadium,Jacksonville,FL,OUTDOOR,,true,
2026,REG,17,Week 17,2027010201,60420,acc1e08e-4feb-11f1-abca-2c54536568a9,,,,,4400,LAC,Los Angeles Chargers,Chargers,2310,KC,Kansas City Chiefs,Chiefs,,,,3005,SoFi Stadium,Inglewood,CA,OUTDOOR,,true,
2026,REG,17,Week 17,2027010202,60421,acc1e3de-4feb-11f1-abca-2c54536568a9,,,,,3200,NE,New England Patriots,Patriots,1400,DEN,Denver Broncos,Broncos,,,,1065,Gillette Stadium,Foxborough,MA,OUTDOOR,,true,
2026,REG,17,Week 17,2027010203,60422,acc1e702-4feb-11f1-abca-2c54536568a9,,,,,4900,TB,Tampa Bay Buccaneers,Buccaneers,2510,LAR,Los Angeles Rams,Rams,,,,3697,Raymond James Stadium,Tampa,FL,OUTDOOR,,true,
2026,REG,17,Week 17,2027010304,60423,acc1e9f7-4feb-11f1-abca-2c54536568a9,01/03/2027,2027-01-03T18:00:00Z,13:00:00,1798999200000,0200,ATL,Atlanta Falcons,Falcons,3300,NO,New Orleans Saints,Saints,,,,2076,Mercedes-Benz Stadium,Atlanta,GA,INDOOR,FOX,true,
2026,REG,17,Week 17,2027010305,60424,acc1ed66-4feb-11f1-abca-2c54536568a9,01/03/2027,2027-01-03T18:00:00Z,13:00:00,1798999200000,0750,CAR,Carolina Panthers,Panthers,4600,SEA,Seattle Seahawks,Seahawks,,,,1769,Bank of America Stadium,Charlotte,NC,OUTDOOR,FOX,true,
2026,REG,17,Week 17,2027010306,60425,acc1f09a-4feb-11f1-abca-2c54536568a9,01/03/2027,2027-01-03T18:00:00Z,13:00:00,1798999200000,1050,CLE,Cleveland Browns,Browns,2200,IND,Indianapolis Colts,Colts,,,,1048,Huntington Bank Field,Cleveland,OH,OUTDOOR,FOX,true,
2026,REG,17,Week 17,2027010307,60426,acc1f3c0-4feb-11f1-abca-2c54536568a9,01/03/2027,2027-01-03T18:00:00Z,13:00:00,1798999200000,1200,DAL,Dallas Cowboys,Cowboys,3410,NYG,New York Giants,Giants,,,,4948,AT&T Stadium,Arlington,TX,RETRACTABLE,FOX,true,
2026,REG,17,Week 17,2027010308,60427,acc1f6d4-4feb-11f1-abca-2c54536568a9,01/03/2027,2027-01-03T18:00:00Z,13:00:00,1798999200000,2700,MIA,Miami Dolphins,Dolphins,0610,BUF,Buffalo Bills,Bills,,,,2475,Hard Rock Stadium,Opa Locka,FL,OUTDOOR,CBS,true,
2026,REG,17,Week 17,2027010309,60428,ace0969b-4feb-11f1-abca-2c54536568a9,01/03/2027,2027-01-03T18:00:00Z,13:00:00,1798999200000,3430,NYJ,New York Jets,Jets,3000,MIN,Minnesota Vikings,Vikings,,,,3757,MetLife Stadium,East Rutherford,NJ,OUTDOOR,CBS,true,
2026,REG,17,Week 17,2027010310,60429,ace0a08e-4feb-11f1-abca-2c54536568a9,01/03/2027,2027-01-03T18:00:00Z,13:00:00,1798999200000,2100,TEN,Tennessee Titans,Titans,3900,PIT,Pittsburgh Steelers,Steelers,,,,2350,Nissan Stadium,Nashville,TN,OUTDOOR,CBS,true,
2026,REG,17,Week 17,2027010311,60430,ace0a457-4feb-11f1-abca-2c54536568a9,01/03/2027,2027-01-03T21:05:00Z,16:05:00,1799010300000,3800,AZ,Arizona Cardinals,Cardinals,2520,LV,Las Vegas Raiders,Raiders,,,,1907,State Farm Stadium,Glendale,AZ,RETRACTABLE,CBS,true,
2026,REG,17,Week 17,2027010312,60431,ace0a7e7-4feb-11f1-abca-2c54536568a9,01/03/2027,2027-01-03T21:25:00Z,16:25:00,1799011500000,0810,CHI,Chicago Bears,Bears,1540,DET,Detroit Lions,Lions,,,,4620,Soldier Field,Chicago,IL,OUTDOOR,FOX,true,
2026,REG,17,Week 17,2027010313,60432,ace0ab32-4feb-11f1-abca-2c54536568a9,01/03/2027,2027-01-04T01:20:00Z,20:20:00,1799025600000,4500,SF,San Francisco 49ers,49ers,3700,PHI,Philadelphia Eagles,Eagles,,,,2099,Levi's® Stadium,Santa Clara,CA,OUTDOOR,NBC,true,
2026,REG,17,Week 17,2027010400,60433,ace0ae7b-4feb-11f1-abca-2c54536568a9,01/04/2027,2027-01-05T01:15:00Z,20:15:00,1799111700000,1800,GB,Green Bay Packers,Packers,2120,HOU,Houston Texans,Texans,,,,2606,Lambeau Field,Green Bay,WI,OUTDOOR,ESPN,true,
2026,REG,18,Week 18,2027011000,60434,ace0b1ad-4feb-11f1-abca-2c54536568a9,,,,,3800,AZ,Arizona Cardinals,Cardinals,4500,SF,San Francisco 49ers,49ers,,,,1907,State Farm Stadium,Glendale,AZ,RETRACTABLE,,true,
2026,REG,18,Week 18,2027011001,60435,ace0b48a-4feb-11f1-abca-2c54536568a9,,,,,0325,BAL,Baltimore Ravens,Ravens,3900,PIT,Pittsburgh Steelers,Steelers,,,,3695,M&T Bank Stadium,Baltimore,MD,OUTDOOR,,true,
2026,REG,18,Week 18,2027011002,60436,ace0b74f-4feb-11f1-abca-2c54536568a9,,,,,0610,BUF,Buffalo Bills,Bills,3430,NYJ,New York Jets,Jets,,,,5780,Highmark Stadium,Orchard Park,NY,OUTDOOR,,true,
2026,REG,18,Week 18,2027011003,60437,ace0ba82-4feb-11f1-abca-2c54536568a9,,,,,0750,CAR,Carolina Panthers,Panthers,0200,ATL,Atlanta Falcons,Falcons,,,,1769,Bank of America Stadium,Charlotte,NC,OUTDOOR,,true,
2026,REG,18,Week 18,2027011004,60438,acff782d-4feb-11f1-abca-2c54536568a9,,,,,0920,CIN,Cincinnati Bengals,Bengals,1050,CLE,Cleveland Browns,Browns,,,,3530,Paycor Stadium,Cincinnati,OH,OUTDOOR,,true,
2026,REG,18,Week 18,2027011005,60439,acff8054-4feb-11f1-abca-2c54536568a9,,,,,1400,DEN,Denver Broncos,Broncos,4400,LAC,Los Angeles Chargers,Chargers,,,,5786,Empower Field at Mile High,Denver,CO,OUTDOOR,,true,
2026,REG,18,Week 18,2027011006,60440,acff837c-4feb-11f1-abca-2c54536568a9,,,,,1800,GB,Green Bay Packers,Packers,1540,DET,Detroit Lions,Lions,,,,2606,Lambeau Field,Green Bay,WI,OUTDOOR,,true,
2026,REG,18,Week 18,2027011007,60441,acff8654-4feb-11f1-abca-2c54536568a9,,,,,2120,HOU,Houston Texans,Texans,2100,TEN,Tennessee Titans,Titans,,,,3698,Reliant Stadium,Houston,TX,OUTDOOR,,true,
2026,REG,18,Week 18,2027011008,60442,acff8914-4feb-11f1-abca-2c54536568a9,,,,,2200,IND,Indianapolis Colts,Colts,2250,JAX,Jacksonville Jaguars,Jaguars,,,,2878,Lucas Oil Stadium,Indianapolis,IN,INDOOR,,true,
2026,REG,18,Week 18,2027011009,60443,acff8bba-4feb-11f1-abca-2c54536568a9,,,,,2310,KC,Kansas City Chiefs,Chiefs,2520,LV,Las Vegas Raiders,Raiders,,,,1552,Arrowhead Stadium,Kansas City,MO,OUTDOOR,,true,
2026,REG,18,Week 18,2027011010,60444,acff8e70-4feb-11f1-abca-2c54536568a9,,,,,2510,LAR,Los Angeles Rams,Rams,4600,SEA,Seattle Seahawks,Seahawks,,,,3005,SoFi Stadium,Inglewood,CA,OUTDOOR,,true,
2026,REG,18,Week 18,2027011011,60445,acff9123-4feb-11f1-abca-2c54536568a9,,,,,3000,MIN,Minnesota Vikings,Vikings,0810,CHI,Chicago Bears,Bears,,,,1652,U.S. Bank Stadium,Minneapolis,MN,INDOOR,,true,
2026,REG,18,Week 18,2027011012,60446,acff93c4-4feb-11f1-abca-2c54536568a9,,,,,3200,NE,New England Patriots,Patriots,2700,MIA,Miami Dolphins,Dolphins,,,,1065,Gillette Stadium,Foxborough,MA,OUTDOOR,,true,
2026,REG,18,Week 18,2027011013,60447,acff9659-4feb-11f1-abca-2c54536568a9,,,,,3300,NO,New Orleans Saints,Saints,4900,TB,Tampa Bay Buccaneers,Buccaneers,,,,2870,Caesars Superdome,New Orleans,LA,INDOOR,,true,
2026,REG,18,Week 18,2027011014,60448,ad1f1cde-4feb-11f1-abca-2c54536568a9,,,,,3410,NYG,New York Giants,Giants,3700,PHI,Philadelphia Eagles,Eagles,,,,3757,MetLife Stadium,East Rutherford,NJ,OUTDOOR,,true,
2026,REG,18,Week 18,2027011015,60449,ad1f2595-4feb-11f1-abca-2c54536568a9,,,,,5110,WAS,Washington Commanders,Commanders,1200,DAL,Dallas Cowboys,Cowboys,,,,2389,Northwest Stadium,Landover,MD,OUTDOOR,,true,
