season,season_type,week,scope,threshold,player_name,team_id,player_gsis_id,player_display_name,player_short_name,player_esb_id,player_position_group,player_position,player_jersey_number,player_current_team_id,player_season,player_gsis_it_id,player_smart_id,player_first_name,player_last_name,player_football_name,player_ngs_position,player_ngs_position_group,player_uniform_number,player_status,player_headshot,efficiency,percent_attempts_gte_eight_defenders,avg_time_to_los,rush_attempts,rush_yards,avg_rush_yards,rush_touchdowns,expected_rush_yards,rush_yards_over_expected,rush_yards_over_expected_per_att,rush_pct_over_expected,player_season_type,player_week
2026,PRE,0,season,15,Tyler Goodson,0200,00-0037120,Tyler Goodson,T.Goodson,GOO586750,RB,RB,25,0200,2026,54798,3200474f-4f58-6750-ad87-11b65bf232e0,Tyler,Goodson,Tyler,RB,RB,25,DEV,https://static.www.nfl.com/image/upload/{formatInstructions}/league/zqmesi6fwv82lhfzlht6,3.59445652173913,22.22222222222222,2.790375,18,92,5.111111111111111,1,76.46749828510977,15.53250171489023,0.8629167619383461,0.2777777777777778,,
2026,PRE,0,season,15,Jonathan Ward,0325,00-0035924,Jonathan Ward,J.Ward,WAR231319,RB,RB,35,0325,2026,52826,32005741-5223-1319-7a39-25c10d8660c9,Jonathan,Ward,Jonathan,RB,RB,35,DEV,https://static.www.nfl.com/image/upload/{formatInstructions}/league/yct3a4xznwcxjvn4iosk,3.6568181818181817,23.52941176470588,2.8915882352941176,17,88,5.176470588235294,1,68.6421050420463,-4.642105042046296,-0.2901315651278935,0.4375,,
2026,PRE,0,season,15,Adam Randall,0325,00-0040888,Adam Randall,A.Randall,RAN022436,RB,RB,23,0325,2026,62796,32005241-4e02-2436-cb83-337fc3c232b0,Adam,Randall,Adam,RB,RB,23,RES,https://static.www.nfl.com/image/upload/{formatInstructions}/league/cdr4vibcb4jxp8nswxl9,3.7487323943661974,0.0,2.719411764705882,17,71,4.176470588235294,1,76.93275151260684,-5.932751512606842,-0.3489853830945201,0.35294117647058826,,
2026,PRE,0,season,15,Dontae McMillan,0325,00-0040984,Dontae McMillan,D.McMillan,MCM377911,RB,RB,36,0325,2026,63061,32004d43-4d37-7911-3a74-4f1572db7015,Donnie,McMillan,Dontae,RB,RB,36,CUT,https://static.www.nfl.com/image/upload/{formatInstructions}/league/iptvbpnqkwbbmogetkfq,2.7984403669724767,13.333333333333334,2.8748571428571426,15,109,7.266666666666667,0,77.03004567674533,31.96995432325467,2.131330288216978,0.4,,
2026,PRE,0,season,15,Ian Wheeler,0610,00-0039466,Ian Wheeler,I.Wheeler,WHE231609,RB,RB,27,0610,2026,57580,32005748-4523-1609-4f9f-4b49c20df320,Ian,Wheeler,Ian,RB,RB,27,CUT,https://static.www.nfl.com/image/upload/{formatInstructions}/league/qxewapbjpqnku0yltsza,3.5395,13.333333333333334,2.469310344827586,30,120,4.0,2,119.37737309712168,-4.377373097121676,-0.15094389990074747,0.4482758620689655,,
2026,PRE,0,season,15,Frank Gore Jr.,0610,00-0039471,Frank Gore Jr.,F.Gore,GOR415561,RB,RB,20,0610,2026,57585,3200474f-5241-5561-1c30-18a57f560a0d,Frank,Gore,Frank,RB,RB,20,DEV,https://static.www.nfl.com/image/upload/{formatInstructions}/league/qzf7faowlqoh5nengpq5,3.625126050420168,34.61538461538461,2.51716,26,119,4.576923076923077,2,118.45864515876623,-7.458645158766231,-0.33902932539846503,0.2727272727272727,,
2026,PRE,0,season,15,Ahmani Marshall,0750,00-0040260,Ahmani Marshall,A.Marshall,MAR360274,RB,RB,37,0750,2026,58696,32004d41-5236-0274-3678-b7e35b40283e,Ahmani,Marshall,Ahmani,RB,RB,37,DEV,https://static.www.nfl.com/image/upload/{formatInstructions}/league/rmzxp0obmznym5hv5ndh,7.241304347826087,13.043478260869565,2.8348235294117647,23,46,2.0,0,56.512753835715,-10.512753835715003,-0.45707625372673927,0.4782608695652174,,
2026,PRE,0,season,15,Anthony Tyus III,0750,00-0040394,Anthony Tyus III,A.Tyus,TYU415291,RB,RB,34,0750,2026,58835,32005459-5541-5291-a8ba-f4b18137ddd8,Anthony,Tyus,Anthony,RB,RB,34,DEV,https://static.www.nfl.com/image/upload/{formatInstructions}/league/ycph0v6jfxwkcycuztk0,3.7703149606299213,16.129032258064516,2.871107142857143,31,127,4.096774193548387,0,130.6777016575935,-3.677701657593502,-0.11863553734172588,0.45161290322580644,,
2026,PRE,0,season,15,Trevor Etienne,0750,00-0040644,Trevor Etienne,T.Etienne,ETI437791,RB,RB,23,0750,2026,58319,32004554-4943-7791-4962-5844d8327012,Trevor,Etienne,Trevor,RB,RB,23,RES,https://static.www.nfl.com/image/upload/{formatInstructions}/league/pcuzq84x7ia5yvmikltb,5.347111111111111,25.0,2.7155714285714287,16,45,2.8125,0,64.49979297301782,-19.49979297301782,-1.2187370608136137,0.25,,
2026,PRE,0,season,15,Miles Davis,0750,00-0041485,Miles Davis,M.Davis,DAV568008,RB,RB,37,0750,2026,63167,32004441-5656-8008-a2ff-5bb04a495c08,Miles,Davis,Miles,RB,RB,37,CUT,https://static.www.nfl.com/image/upload/{formatInstructions}/league/htvohdxsq6qwts6k3cfb,3.0093203883495145,31.818181818181817,2.5485,22,103,4.681818181818182,1,107.50125240729162,-4.5012524072916165,-0.20460238214961893,0.36363636363636365,,
2026,PRE,0,season,15,Roschon Johnson,0810,00-0039021,Roschon Johnson,R.Johnson,JOH652931,RB,RB,23,0810,2026,55980,32004a4f-4865-2931-d4f5-6e3ddf27f82a,Roschon,Johnson,Roschon,RB,RB,23,ACT,https://static.www.nfl.com/image/upload/{formatInstructions}/league/xbham6uvckkshpntb8oj,4.047265625,34.285714285714285,2.724411764705882,35,128,3.657142857142857,1,155.4531968847506,-27.45319688475061,-0.7843770538500174,0.2571428571428571,,
2026,PRE,0,season,15,Kentrel Bullock,0920,00-0041241,Kentrel Bullock,K.Bullock,BUL521409,RB,RB,31,0920,2026,63309,32004255-4c52-1409-d480-36c98897cf6f,Kentrel,Bullock,Kentrel,RB,RB,31,DEV,https://static.www.nfl.com/image/upload/{formatInstructions}/league/knfwlw5u1poz75qfyuy5,3.2553465346534654,23.809523809523807,2.713,21,101,4.809523809523809,1,81.13097694729902,13.869023052700982,0.6934511526350491,0.45,,
2026,PRE,0,season,15,Jaleel McLaughlin,1050,00-0038794,Jaleel McLaughlin,J.McLaughlin,MCL108550,RB,RB,38,1050,2026,56513,32004d43-4c10-8550-da05-43e7050e7c13,Jaleel,McLaughlin,Jaleel,RB,RB,38,DEV,https://static.www.nfl.com/image/upload/{formatInstructions}/league/jlzkji7mfkcmkyz2tygj,4.309516129032258,23.52941176470588,3.0383333333333336,17,62,3.6470588235294117,0,71.55761902055592,-9.557619020555919,-0.5622128835621129,0.4117647058823529,,
2026,PRE,0,season,15,Raheim Sanders,1050,00-0040466,Raheim Sanders,R.Sanders,SAN455028,RB,RB,23,1050,2026,58911,32005341-4e45-5028-b876-e95fddcc551a,Raheim,Sanders,Raheim,RB,RB,23,ACT,https://static.www.nfl.com/image/upload/{formatInstructions}/league/bopoof9uczgpvpggeahp,4.844202898550725,30.0,2.6975555555555553,20,69,3.45,0,75.1802173085278,-6.180217308527801,-0.30901086542639006,0.5,,
2026,PRE,0,season,15,Israel Abanikanda,1200,00-0038389,Israel Abanikanda,I.Abanikanda,ABA159567,RB,RB,25,1200,2026,56008,32004142-4115-9567-2e24-0eab29f6a4b9,Israel,Abanikanda,Israel,RB,RB,25,DEV,https://static.www.nfl.com/image/upload/{formatInstructions}/league/mt7lgg9gbjcmb2wttxeg,3.4374725274725275,9.090909090909092,2.4717619047619044,22,91,4.136363636363637,0,86.10252751026712,4.897472489732877,0.22261238589694896,0.5,,
2026,PRE,0,season,15,Emari Demercado,1200,00-0038705,Emari Demercado,E.Demercado,DEM317794,RB,RB,31,1200,2026,56395,32004445-4d31-7794-7d50-f20a6d3e35eb,Emari,Demercado,Emari,RB,RB,31,ACT,https://static.www.nfl.com/image/upload/{formatInstructions}/league/wu0sm9ttr4aiugi9fquf,3.81515625,17.647058823529413,2.568941176470588,17,64,3.764705882352941,0,65.20535511419078,-3.2053551141907803,-0.20033469463692377,0.5625,,
2026,PRE,0,season,15,Phil Mafah,1200,00-0040021,Phil Mafah,P.Mafah,MAF207645,RB,RB,37,1200,2026,58444,32004d41-4620-7645-f1d0-28aa9410f815,Phil,Mafah,Phil,RB,RB,37,CUT,https://static.www.nfl.com/image/upload/{formatInstructions}/league/r91conel40ilon72blzb,3.3074285714285714,0.0,2.6916470588235297,17,70,4.117647058823529,1,62.793064006960584,7.206935993039416,0.42393741135525975,0.5294117647058824,,
2026,PRE,0,season,15,Tyler Badie,1400,00-0037085,Tyler Badie,T.Badie,BAD685229,RB,RB,28,1400,2026,54661,32004241-4468-5229-8c1d-59265ee103fc,Tyler,Badie,Tyler,RB,RB,28,ACT,https://static.www.nfl.com/image/upload/{formatInstructions}/league/ghhul5piv9vzeih6atsj,4.682045454545454,6.666666666666667,2.845071428571429,15,44,2.933333333333333,0,47.31979457790235,-4.31979457790235,-0.30855675556445356,0.5,,
2026,PRE,0,season,15,Cody Schrader,1400,00-0039703,Cody Schrader,C.Schrader,SCH489290,RB,RB,25,1400,2026,57866,32005343-4848-9290-b9ff-ca2315d7a7cc,Cody,Schrader,Cody,RB,RB,25,DEV,https://static.www.nfl.com/image/upload/{formatInstructions}/league/snrwsjepuvkatdjjokp8,5.02027027027027,20.833333333333336,2.9749473684210526,24,74,3.0833333333333335,0,81.89936529162291,-8.899365291622914,-0.3869289257227354,0.391304347826087,,
2026,PRE,0,season,15,Trayveon Williams,1540,00-0035291,Trayveon Williams,T.Williams,WIL185325,RB,RB,47,1540,2026,47965,32005749-4c18-5325-3179-dd521a18c706,Trayveon,Williams,Trayveon,RB,RB,47,CUT,https://static.www.nfl.com/image/upload/{formatInstructions}/league/zwei0idpruplnhlmpfkr,3.341505376344086,31.57894736842105,2.660388888888889,19,93,4.894736842105263,3,68.11201165125892,24.887988348741075,1.3098941236179513,0.3684210526315789,,
2026,PRE,0,season,15,Raheem Blackshear,1540,00-0037429,Raheem Blackshear,R.Blackshear,BLA323565,RB,RB,42,1540,2026,55014,3200424c-4132-3565-e1e9-9bf6ddfec0af,Raheem,Blackshear,Raheem,RB,RB,42,CUT,https://static.www.nfl.com/image/upload/{formatInstructions}/league/hzdyiuzm78dpedlcicwy,4.049193548387096,12.5,2.878076923076923,16,62,3.875,0,47.201433358239676,14.798566641760324,0.9249104151100203,0.375,,
2026,PRE,0,season,15,Jacob Saylors,1540,00-0038896,Jacob Saylors,J.Saylors,SAY679943,RB,RB,25,1540,2026,56618,32005341-5967-9943-56d0-4f2d2d5d3eca,Jacob,Saylors,Jacob,RB,RB,25,ACT,https://static.www.nfl.com/image/upload/{formatInstructions}/league/wunm6abfmikwaewmwkp7,2.9857754010695188,16.129032258064516,2.5694,31,187,6.032258064516129,0,127.64253478831053,37.35746521168947,1.2452488403896491,0.4666666666666667,,
2026,PRE,0,season,15,Pierre Strong,1800,00-0038098,Pierre Strong,P.Strong,STR658099,RB,RB,22,1800,2026,54592,32005354-5265-8099-4e5a-fedfdfa80694,Pierre,Strong,Pierre,RB,RB,22,DEV,https://static.www.nfl.com/image/upload/{formatInstructions}/league/aa0nufst85vutgor1fqv,4.315172413793103,13.333333333333334,2.4935384615384613,15,58,3.8666666666666667,0,63.7549599027753,-11.754959902775298,-0.9795799918979414,0.25,,
2026,PRE,0,season,15,Kaleb Johnson,1800,00-0040142,Kaleb Johnson,K.Johnson,JOH398805,RB,RB,26,1800,2026,58288,32004a4f-4839-8805-a441-bdb3ea3187ea,Kaleb,Johnson,Kaleb,RB,RB,26,ACT,https://static.www.nfl.com/image/upload/{formatInstructions}/league/zpzc4oobxi8nr5dyonob,4.866603773584906,29.411764705882355,2.7676000000000003,17,53,3.1176470588235294,0,65.65730213015618,-16.657302130156182,-1.0410813831347614,0.4375,,
2026,PRE,0,season,15,Damien Martinez,1800,00-0040651,Damien Martinez,D.Martinez,MAR777006,RB,RB,26,1800,2026,58428,32004d41-5277-7006-810f-dff0455aee93,Damien,Martinez,Damien,RB,RB,26,CUT,https://static.www.nfl.com/image/upload/{formatInstructions}/league/ys773vjsxprn6hr0mwri,3.4301666666666666,25.0,2.645625,16,60,3.75,0,65.01354964475819,-5.013549644758186,-0.3133468527973866,0.1875,,
2026,PRE,0,season,15,Jaden Nixon,1800,00-0040946,Jaden Nixon,J.Nixon,NIX612810,RB,RB,35,1800,2026,63023,32004e49-5861-2810-37e0-517a8f6429fe,Jaden,Nixon,Jaden,RB,RB,35,CUT,,4.549384615384616,17.647058823529413,2.7348571428571424,17,65,3.823529411764706,1,54.25927525736109,8.74072474263891,0.5462952964149319,0.4375,,
2026,PRE,0,season,15,Damon Bankston,1800,00-0041139,Damon Bankston,D.Bankston,BAN673434,RB,RB,37,1800,2026,63198,32004241-4e67-3434-7fcf-29ceba335350,Damon,Bankston,Damon,RB,RB,37,DEV,https://static.www.nfl.com/image/upload/{formatInstructions}/league/pfbet5qlrhpv0qaxqbax,4.973013698630138,38.095238095238095,2.6903888888888887,21,73,3.4761904761904763,0,80.25453407906835,-8.25453407906835,-0.4127267039534175,0.35,,
2026,PRE,0,season,15,D'Ernest Johnson,2100,00-0035628,D'Ernest Johnson,D.Johnson,JOH201643,RB,RB,21,2100,2026,47605,32004a4f-4820-1643-b9f5-85f0b9ca0916,D'Ernest,Johnson,D'Ernest,RB,RB,21,CUT,https://static.www.nfl.com/image/upload/{formatInstructions}/league/gbe2eojaxid4n3pmo0rj,5.873333333333334,31.25,3.045733333333333,16,54,3.375,2,51.04153022491762,-0.04153022491762215,-0.00276868166117481,0.5333333333333333,,
2026,PRE,0,season,15,Nicholas Singleton,2100,00-0040886,Nicholas Singleton,N.Singleton,SIN454221,RB,RB,32,2100,2026,62787,32005349-4e45-4221-edd1-07bcbee0fd0a,Nicholas,Singleton,Nicholas,RB,RB,32,ACT,https://static.www.nfl.com/image/upload/{formatInstructions}/league/ztwqbc0s69cbz5ow0r0q,3.6957894736842105,6.666666666666667,2.7355384615384613,15,57,3.8,0,60.513731027165036,-3.5137310271650364,-0.23424873514433575,0.5333333333333333,,
2026,PRE,0,season,15,Owen Wright,2120,00-0038458,Owen Wright,O.Wright,WRI585179,RB,RB,42,2120,2026,56209,32005752-4958-5179-6bca-781a3bb66396,Owen,Wright,Owen,RB,RB,42,CUT,https://static.www.nfl.com/image/upload/{formatInstructions}/league/nig1vy9k1asfhkanvlki,3.6534426229508195,17.647058823529413,2.421375,17,61,3.588235294117647,0,74.26570588927409,-13.265705889274088,-0.7803356405455346,0.23529411764705882,,
2026,PRE,0,season,15,Noah Whittington,2120,00-0041312,Noah Whittington,N.Whittington,WHI812467,RB,RB,26,2120,2026,63530,32005748-4981-2467-804f-a46e8a6c6c26,Noah,Whittington,Noah,RB,RB,26,DEV,https://static.www.nfl.com/image/upload/{formatInstructions}/league/ofifs3fbgpnv6qtcjain,5.844901960784314,18.181818181818183,2.910684210526316,22,51,2.3181818181818183,0,66.52359972975495,-18.52359972975495,-0.8820761776073786,0.3333333333333333,,
2026,PRE,0,season,15,Seth McGowan,2200,00-0041125,Seth McGowan,S.McGowan,MCG547540,RB,RB,20,2200,2026,62859,32004d43-4754-7540-65ee-9a2adef16080,Seth,McGowan,Seth,RB,RB,20,ACT,https://static.www.nfl.com/image/upload/{formatInstructions}/league/qkwvvygwu9pan88sivzb,3.9828125,5.88235294117647,2.7856,17,64,3.764705882352941,0,60.37463481581233,3.6253651841876717,0.22658532401172948,0.4375,,
2026,PRE,0,season,15,Davon Booth,2200,00-0041277,Davon Booth,D.Booth,BOO560641,RB,RB,36,2200,2026,63476,3200424f-4f56-0641-2a3d-03c4c46b9f43,Davon,Booth,Davon,RB,RB,36,DEV,https://static.www.nfl.com/image/upload/{formatInstructions}/league/ddzlehyaaedbtx8lh9vv,3.1125688073394495,0.0,3.2668235294117647,17,109,6.411764705882353,1,93.28515935787681,15.714840642123193,0.924402390713129,0.35294117647058826,,
2026,PRE,0,season,15,Anderson Castle,2200,00-0041486,Anderson Castle,A.Castle,CAS763721,RB,RB,42,2200,2026,63385,32004341-5376-3721-1c74-43f06120770d,Anderson,Castle,Anderson,RB,RB,42,DEV,https://static.www.nfl.com/image/upload/{formatInstructions}/league/sxtze52r5ruogs7lmyjh,2.963636363636364,11.11111111111111,2.3033333333333332,18,88,4.888888888888889,0,82.68288984758111,5.317110152418891,0.29539500846771616,0.3333333333333333,,
2026,PRE,0,season,15,J'Mari Taylor,2250,00-0041217,J'Mari Taylor,J.Taylor,TAY388181,RB,RB,30,2250,2026,63285,32005441-5938-8181-91a1-e8bc952841b8,J'mari,Taylor,J'mari,RB,RB,30,DEV,https://static.www.nfl.com/image/upload/{formatInstructions}/league/bllauluwnbc34h7uzuom,4.22936,7.894736842105263,2.656028571428571,38,125,3.289473684210526,1,137.4410684458425,-13.44106844584249,-0.3632721201579051,0.40540540540540543,,
2026,PRE,0,season,15,Brashard Smith,2310,00-0040078,Brashard Smith,B.Smith,SMI082538,RB,RB,24,2310,2026,58433,3200534d-4908-2538-e2f9-73c89a5b03c8,Brashard,Smith,Brashard,RB,RB,24,ACT,https://static.www.nfl.com/image/upload/{formatInstructions}/league/xnf4x6b9a2yunsc0gaej,3.8900769230769234,10.0,2.706888888888889,30,130,4.333333333333333,0,113.65096398234063,16.349036017659373,0.5449678672553124,0.43333333333333335,,
2026,PRE,0,season,15,Nate Carter,2310,00-0040547,Nate Carter,N.Carter,CAR716611,RB,RB,35,2310,2026,58993,32004341-5271-6611-864e-d83f3aae677e,Nate,Carter,Nate,RB,RB,35,DEV,https://static.www.nfl.com/image/upload/{formatInstructions}/league/c7wg2qvjvd8diaaujwpt,5.593174603174603,33.33333333333333,2.70264,27,63,2.3333333333333335,1,90.69161455433026,-34.69161455433026,-1.3876645821732103,0.2,,
2026,PRE,0,season,15,Emmett Johnson,2310,00-0041013,Emmett Johnson,E.Johnson,JOH224817,RB,RB,10,2310,2026,62783,32004a4f-4822-4817-94ee-278757564c6a,Emmett,Johnson,Emmett,RB,RB,10,ACT,https://static.www.nfl.com/image/upload/{formatInstructions}/league/avdz4njz1slqn7ktqcuq,3.5068292682926834,11.538461538461538,2.6619615384615383,26,123,4.730769230769231,1,107.88671546673885,-1.886715466738849,-0.07861314444745204,0.4583333333333333,,
2026,PRE,0,season,15,Jordan Waters,2510,00-0040601,Jordan Waters,J.Waters,WAT099841,RB,RB,32,2510,2026,59056,32005741-5409-9841-6dab-e11636908f8c,Jordan,Waters,Jordan,RB,RB,32,DEV,https://static.www.nfl.com/image/upload/{formatInstructions}/league/wszz5ts7eqzjgiuwep45,3.2906250000000004,10.0,2.650037037037037,30,144,4.8,0,100.3477943384051,43.652205661594905,1.4550735220531634,0.5,,
2026,PRE,0,season,15,Dean Connors,2510,00-0041415,Dean Connors,D.Connors,CON545055,RB,RB,33,2510,2026,63675,3200434f-4e54-5055-c52d-b242ed754ad8,Dean,Connors,Dean,RB,RB,33,DEV,https://static.www.nfl.com/image/upload/{formatInstructions}/league/fgsgqkdsnliwujjtvvw3,3.8641666666666663,19.230769230769234,2.826576923076923,26,96,3.6923076923076925,0,98.7470412212607,-3.7470412212607016,-0.14988164885042807,0.48,,
2026,PRE,0,season,15,Mike Washington Jr.,2520,00-0040878,Mike Washington Jr.,M.Washington,WAS797326,RB,RB,4,2520,2026,62744,32005741-5379-7326-70fe-bafd24bb6e90,Mike,Washington,Mike,RB,RB,4,ACT,https://static.www.nfl.com/image/upload/{formatInstructions}/league/ocdjq5ohmtgdghqdh5m4,2.9752976190476192,17.391304347826086,2.7165454545454546,23,168,7.304347826086956,0,107.52489441468288,56.475105585317124,2.6892907421579584,0.3333333333333333,,
2026,PRE,0,season,15,Carlos Washington,2700,00-0038930,Carlos Washington,C.Washington,WAS074238,RB,RB,26,2700,2026,56653,32005741-5307-4238-451f-336b60d6b017,Carlos,Washington,Carlos,RB,RB,26,DEV,https://static.www.nfl.com/image/upload/{formatInstructions}/league/oc9zhtjhrxq5vxr1qkak,6.099268292682927,11.11111111111111,2.6955714285714287,18,41,2.2777777777777777,0,45.756442689603965,-8.756442689603965,-0.5472776681002478,0.3125,,
2026,PRE,0,season,15,Jarquez Hunter,2700,00-0040692,Jarquez Hunter,J.Hunter,HUN671764,RB,RB,31,2700,2026,58322,32004855-4e67-1764-a239-a16be34f591e,Jarquez,Hunter,Jarquez,RB,RB,31,DEV,https://static.www.nfl.com/image/upload/{formatInstructions}/league/pqqxp2q7mkpnqbahu25c,3.5001941747572816,9.523809523809524,3.030238095238095,21,103,4.904761904761905,1,74.98019002231156,23.01980997768844,1.150990498884422,0.5,,
2026,PRE,0,season,15,DeeJay Dallas,3000,00-0036425,DeeJay Dallas,D.Dallas,DAL415290,RB,RB,31,3000,2026,52552,32004441-4c41-5290-528d-2115c573d8ed,Demetrius,Dallas,DeeJay,RB,RB,31,DEV,https://static.www.nfl.com/image/upload/{formatInstructions}/league/qrvemj4m3g2mqlbgy352,6.097471264367816,15.151515151515152,3.083892857142857,33,87,2.6363636363636362,0,109.1997994757937,-22.199799475793697,-0.6727211962361727,0.36363636363636365,,
2026,PRE,0,season,15,Demond Claiborne,3000,00-0041104,Demond Claiborne,D.Claiborne,CLA041524,RB,RB,21,3000,2026,62820,3200434c-4104-1524-c122-9e2e78581a20,Demond,Claiborne,Demond,RB,RB,21,ACT,https://static.www.nfl.com/image/upload/{formatInstructions}/league/vmozbbdzgcaqq1yrixeb,5.265890410958905,25.0,2.6828846153846153,28,73,2.607142857142857,0,102.96507642931154,-29.965076429311537,-1.0701813010468406,0.25,,
2026,PRE,0,season,15,Hassan Haskins,3200,00-0037617,Hassan Haskins,H.Haskins,HAS288544,RB,RB,26,3200,2026,54596,32004841-5328-8544-d8b7-95875ddb3ea1,Hassan,Haskins,Hassan,RB,RB,26,DEV,https://static.www.nfl.com/image/upload/{formatInstructions}/league/n9jwsfxyo1xppmhscpik,4.522898550724637,25.0,2.99095,20,69,3.45,0,64.21938910786814,3.780610892131861,0.198979520638519,0.47368421052631576,,
2026,PRE,0,season,15,Corey Kiner,3200,00-0040556,Corey Kiner,C.Kiner,KIN264267,RB,RB,9,3200,2026,59002,32004b49-4e26-4267-f80f-d33f06568a74,Corey,Kiner,Corey,RB,RB,9,ACT,https://static.www.nfl.com/image/upload/{formatInstructions}/league/tpnamrgzfbytwlzhhyf8,3.2736111111111112,17.94871794871795,2.543189189189189,39,180,4.615384615384615,2,172.57178556660966,7.4282144333903375,0.19046703675359838,0.48717948717948717,,
2026,PRE,0,season,15,Lan Larison,3200,00-0040568,Lan Larison,L.Larison,LAR143372,RB,RB,34,3200,2026,59032,32004c41-5214-3372-653c-8da2b5bb6515,Lan,Larison,Lan,RB,RB,34,DEV,https://static.www.nfl.com/image/upload/{formatInstructions}/league/dfvjypx4regh68bhrrlt,5.899230769230769,16.666666666666664,2.69925,18,39,2.1666666666666665,1,67.44015309156738,-28.44015309156738,-1.5800085050870767,0.2777777777777778,,
2026,PRE,0,season,15,Jam Miller,3200,00-0041129,Jam Miller,J.Miller,MIL303300,RB,RB,30,3200,2026,62867,32004d49-4c30-3300-aee6-c5554c00bbe4,Jamarion,Miller,Jam,RB,RB,30,CUT,https://static.www.nfl.com/image/upload/{formatInstructions}/league/zfxfycwnsyjtoj1n8j5e,4.13967032967033,12.0,2.8829583333333333,25,91,3.64,0,105.8407524976633,-14.840752497663303,-0.5936300999065321,0.28,,
2026,PRE,0,season,15,Zamir White,3300,00-0038040,Zamir White,Z.White,WHI603663,RB,RB,33,3300,2026,54587,32005748-4960-3663-61e2-3aa5c09bf289,Zamir,White,Zamir,RB,RB,33,DEV,https://static.www.nfl.com/image/upload/{formatInstructions}/league/jzthyqk2ld52f31ka1ir,5.12,27.77777777777778,2.9501176470588235,18,53,2.9444444444444446,1,68.66923055270733,-15.669230552707333,-0.8705128084837407,0.2777777777777778,,
2026,PRE,0,season,15,Kendre Miller,3300,00-0038551,Kendre Miller,K.Miller,MIL369085,RB,RB,5,3300,2026,55936,32004d49-4c36-9085-7b40-672b4733cbc6,Kendre,Miller,Kendre,RB,RB,5,ACT,https://static.www.nfl.com/image/upload/{formatInstructions}/league/vclaomtslw55smksopku,3.5040625000000003,0.0,2.636428571428571,15,64,4.266666666666667,0,58.64815488864507,5.351845111354933,0.35678967409032886,0.4666666666666667,,
2026,PRE,0,season,15,CJ Donaldson,3300,00-0041326,CJ Donaldson,C.Donaldson,DON153725,RB,RB,43,3300,2026,63565,3200444f-4e15-3725-b553-bef885b008a9,De'Carlo,Donaldson,C.J.,RB,RB,43,DEV,https://static.www.nfl.com/image/upload/{formatInstructions}/league/lwl0pyoz7mbjcne0stsx,3.9960416666666667,12.5,2.5745333333333336,16,48,3.0,0,53.53620071760169,-5.536200717601687,-0.34601254485010546,0.4375,,
2026,PRE,0,season,15,Eric Gray,3410,00-0038396,Eric Gray,E.Gray,GRA652870,RB,RB,20,3410,2026,56037,32004752-4165-2870-85bd-e1a472b80efc,Eric,Gray,Eric,RB,RB,20,CUT,https://static.www.nfl.com/image/upload/{formatInstructions}/league/ijjxwxv1ccyowzhpuw2k,4.161222222222222,33.33333333333333,2.551357142857143,30,90,3.0,0,112.68837217520445,-22.68837217520445,-0.756279072506815,0.3333333333333333,,
2026,PRE,0,season,15,Chip Trayanum,3430,00-0041239,Chip Trayanum,C.Trayanum,TRA547801,RB,RB,40,3430,2026,63307,32005452-4154-7801-274e-92c93dce157d,DeaMonte,Trayanum,Chip,RB,RB,40,RES,https://static.www.nfl.com/image/upload/{formatInstructions}/league/hdagffadajptx8nxfs8w,4.236612903225807,23.809523809523807,2.436,21,62,2.9523809523809526,1,70.22269957584967,-8.222699575849674,-0.3915571226595083,0.38095238095238093,,
2026,PRE,0,season,15,Carson Steele,3700,00-0039325,Carson Steele,C.Steele,STE027134,RB,RB,34,3700,2026,57479,32005354-4502-7134-7df7-46dbe8c0fb92,Carson,Steele,Carson,RB,RB,34,DEV,https://static.www.nfl.com/image/upload/{formatInstructions}/league/q6dciqten6frfdm1takb,5.258813559322034,23.809523809523807,2.6294736842105264,21,59,2.8095238095238093,0,68.19517309083199,-9.195173090831986,-0.4378653852777136,0.38095238095238093,,
2026,PRE,0,season,15,Will Shipley,3700,00-0039746,Will Shipley,W.Shipley,SHI386967,RB,RB,28,3700,2026,57248,32005348-4938-6967-5869-f740d03ae02a,Will,Shipley,Will,RB,RB,28,ACT,https://static.www.nfl.com/image/upload/{formatInstructions}/league/pvpaepncsdfgzdubkuhg,3.798333333333333,22.22222222222222,2.547,18,78,4.333333333333333,1,58.20675750543608,18.79324249456392,1.105484852621407,0.7647058823529411,,
2026,PRE,0,season,15,Jaydon Blue,3700,00-0040586,Jaydon Blue,J.Blue,BLU326186,RB,RB,30,3700,2026,58354,3200424c-5532-6186-a82d-38322b898c1f,Jaydon,Blue,Jaydon,RB,RB,30,DEV,https://static.www.nfl.com/image/upload/{formatInstructions}/league/lscygdlqczomp0l9oykv,3.227340425531915,0.0,2.550090909090909,23,94,4.086956521739131,0,77.61602319754601,10.383976802453986,0.4719989455660903,0.45454545454545453,,
2026,PRE,0,season,15,Bam Knight,3800,00-0037157,Bam Knight,B.Knight,KNI764772,RB,RB,20,3800,2026,54835,32004b4e-4976-4772-52fc-5e9b627ab7bb,Zonovan,Knight,Bam,RB,RB,20,ACT,https://static.www.nfl.com/image/upload/{formatInstructions}/league/mjxnlzlnnwlfqayeybut,3.2902739726027397,6.666666666666667,2.506066666666667,15,73,4.866666666666666,0,67.90305478388487,5.096945216115131,0.33979634774100875,0.4,,
2026,PRE,0,week,10,Bam Knight,3800,00-0037157,Bam Knight,Z.Knight,KNI764772,RB,RB,20,3800,2026,54835,32004b4e-4976-4772-52fc-5e9b627ab7bb,Zonovan,Knight,Zonovan,RB,RB,20,ACT,https://static.www.nfl.com/image/upload/{formatInstructions}/league/mjxnlzlnnwlfqayeybut,3.1456896551724136,8.333333333333332,2.5145,12,58,4.833333333333333,0,56.87871502327588,1.1212849767241195,0.09344041472700997,0.4166666666666667,PRE,0
2026,PRE,0,season,15,Evan Hull,3800,00-0038397,Evan Hull,E.Hull,HUL084697,RB,RB,26,3800,2026,56041,32004855-4c08-4697-e160-3c4a9d8ca5e2,Evan,Hull,Evan,RB,RB,26,DEV,https://static.www.nfl.com/image/upload/{formatInstructions}/league/xyyujk9mvvzegaiefp51,3.16010582010582,23.684210526315788,2.657945945945946,38,189,4.973684210526316,2,168.2793176022201,20.72068239777991,0.5452811157310503,0.39473684210526316,,
2026,PRE,0,week,10,Corey Kiner,3800,00-0040556,Corey Kiner,C.Kiner,KIN264267,RB,RB,37,3800,2026,59002,32004b49-4e26-4267-f80f-d33f06568a74,Corey,Kiner,Corey,RB,RB,37,ACT,https://static.www.nfl.com/image/upload/{formatInstructions}/league/tpnamrgzfbytwlzhhyf8,3.692982456140351,21.428571428571427,2.628230769230769,14,57,4.071428571428571,1,63.020474051106184,-6.020474051106184,-0.43003386079329886,0.35714285714285715,PRE,0
2026,PRE,0,season,15,Lew Nichols III,3900,00-0038409,Lew Nichols III,L.Nichols,NIC524830,RB,RB,31,3900,2026,56100,32004e49-4352-4830-b213-0722421ec562,Arthur,Nichols,Lew,RB,RB,31,DEV,https://static.www.nfl.com/image/upload/{formatInstructions}/league/plqg1yngo8vvs8ths7aw,3.4944827586206895,30.0,2.6833684210526316,20,87,4.35,1,92.37528264531888,-6.375282645318876,-0.3355411918588882,0.42105263157894735,,
2026,PRE,0,season,15,Eli Heidenreich,3900,00-0041490,Eli Heidenreich,E.Heidenreich,HEI114391,RB,RB,29,3900,2026,62852,32004845-4911-4391-8a01-9db2e0bed972,Eli,Heidenreich,Eli,RB,RB,29,ACT,https://static.www.nfl.com/image/upload/{formatInstructions}/league/jhiyjb8jmjyzehmrrjoy,4.499538461538461,25.0,2.72375,20,65,3.25,1,82.96490278978405,-18.96490278978405,-0.9981527784096867,0.3157894736842105,,
2026,PRE,0,season,15,Amar Johnson,4400,00-0040039,Amar Johnson,A.Johnson,JOH050998,RB,RB,35,4400,2026,58484,32004a4f-4805-0998-c07f-616749e26250,Amar,Johnson,Amar,RB,RB,35,DEV,https://static.www.nfl.com/image/upload/{formatInstructions}/league/qw1s7luuaia2f08p19aq,4.6647169811320754,6.666666666666667,2.667307692307692,15,53,3.533333333333333,2,58.00661335441418,-5.006613354414178,-0.33377422362761183,0.4666666666666667,,
2026,PRE,0,season,15,Gregory Desrosiers,4400,00-0041376,Gregory Desrosiers,G.Desrosiers,DES576214,RB,RB,31,4400,2026,63641,32004445-5357-6214-3966-5ab14792e36e,Gregory,Desrosiers,Gregory,RB,RB,31,DEV,https://static.www.nfl.com/image/upload/{formatInstructions}/league/serg5wdxgoemdropu4vs,3.1185542168674694,13.043478260869565,3.1234761904761905,23,166,7.217391304347826,1,107.85307277073768,57.14692722926232,2.597587601330105,0.5909090909090909,,
2026,PRE,0,season,15,Khalil Herbert,4500,00-0036906,Khalil Herbert,K.Herbert,HER034169,RB,RB,40,4500,2026,53646,32004845-5203-4169-7d1a-e33edb9fea8e,Khalil,Herbert,Khalil,RB,RB,40,CUT,https://static.www.nfl.com/image/upload/{formatInstructions}/league/gjwksf9ygntjmtceeerh,4.132567567567568,11.11111111111111,2.8115,18,74,4.111111111111111,1,81.22671960784047,-7.226719607840465,-0.4014844226578036,0.3888888888888889,,
2026,PRE,0,season,15,Sincere McCormick,4500,00-0037509,Sincere McCormick,S.McCormick,MCC594638,RB,RB,35,4500,2026,55097,32004d43-4359-4638-6f2a-4110341e4bba,Sincere,McCormick,Sincere,RB,RB,35,DEV,https://static.www.nfl.com/image/upload/{formatInstructions}/league/t2e5ffjyc1iimyxufxjs,3.5948484848484847,26.08695652173913,2.5763333333333334,23,99,4.304347826086956,1,83.76230338885584,15.237696611144159,0.6625085483106156,0.391304347826087,,
2026,PRE,0,season,15,Jacardia Wright,4600,00-0040067,Jacardia Wright,J.Wright,WRI344516,RB,RB,31,4600,2026,58513,32005752-4934-4516-3021-1ea86d601ac5,Jacardia,Wright,Jacardia,RB,RB,31,DEV,https://static.www.nfl.com/image/upload/{formatInstructions}/league/tp3d97gujpw7fkvn7gno,3.5814035087719294,26.08695652173913,2.8167999999999997,23,114,4.956521739130435,1,71.4367098231147,38.5632901768853,1.7528768262220593,0.3181818181818182,,
2026,PRE,0,season,15,Josh Williams,4900,00-0040429,Josh Williams,J.Williams,WIL388436,RB,RB,18,4900,2026,58874,32005749-4c38-8436-49dc-8fa81a0fbe59,Joshua,Williams,Josh,RB,RB,18,DEV,https://static.www.nfl.com/image/upload/{formatInstructions}/league/c2zxbiz8153usfggosvv,4.695964912280702,38.88888888888889,2.8514,18,57,3.1666666666666665,1,76.01280701512039,-19.012807015120387,-1.0562670563955772,0.2222222222222222,,
2026,PRE,0,season,15,Kaytron Allen,5110,00-0041096,Kaytron Allen,K.Allen,ALL532376,RB,RB,31,5110,2026,62809,3200414c-4c53-2376-f94b-428742171eba,Kaytron,Allen,Kaytron,RB,RB,31,ACT,https://static.www.nfl.com/image/upload/{formatInstructions}/league/vbhwkqty94alwjyz8cin,4.662100840336135,19.444444444444446,2.9696206896551725,36,119,3.3055555555555554,1,134.3570249664544,-17.35702496645439,-0.495914999041554,0.2857142857142857,,
2026,PRE,0,season,15,Robert Henry Jr.,5110,00-0041178,Robert Henry Jr.,R.Henry,HEN713719,RB,RB,30,5110,2026,63245,32004845-4e71-3719-23cf-467fb9b086e7,Robert,Henry,Robert,RB,RB,30,DEV,https://static.www.nfl.com/image/upload/{formatInstructions}/league/aehybugrdkpwoegwc10v,3.7925714285714283,7.6923076923076925,2.89645,26,105,4.038461538461538,1,106.22164397853521,-6.221643978535212,-0.2488657591414085,0.32,,
2026,PRE,1,week,10,Adam Randall,0325,00-0040888,Adam Randall,A.Randall,RAN022436,RB,RB,23,0325,2026,62796,32005241-4e02-2436-cb83-337fc3c232b0,Adam,Randall,Adam,RB,RB,23,ACT,https://static.www.nfl.com/image/upload/{formatInstructions}/league/cdr4vibcb4jxp8nswxl9,4.115869565217392,0.0,2.7705,12,46,3.8333333333333335,1,62.32629289015023,-16.326292890150228,-1.360524407512519,0.16666666666666666,PRE,1
2026,PRE,1,week,10,Elijah Tau-Tolliver,0325,00-0040991,Elijah Tau-Tolliver,E.Tau-Tolliver,TAU484505,RB,RB,34,0325,2026,63068,32005441-5548-4505-4461-d6484a65ef95,Elijah,Tau-Tolliver,Elijah,RB,RB,34O,ACT,https://static.www.nfl.com/image/upload/{formatInstructions}/league/lupgcteiumxkemycok75,4.62,0.0,2.9154,10,42,4.2,0,44.66591054028737,-2.6659105402873706,-0.26659105402873706,0.5,PRE,1
2026,PRE,1,week,10,Noah Whittington,2120,00-0041312,Noah Whittington,N.Whittington,WHI812467,RB,RB,26,2120,2026,63530,32005748-4981-2467-804f-a46e8a6c6c26,Noah,Whittington,Noah,RB,RB,26,ACT,https://static.www.nfl.com/image/upload/{formatInstructions}/league/ofifs3fbgpnv6qtcjain,4.72575,30.76923076923077,3.0405,13,40,3.076923076923077,0,44.774233453366605,-4.774233453366605,-0.36724872718204654,0.46153846153846156,PRE,1
2026,PRE,1,week,10,DeeJay Dallas,2250,00-0036425,DeeJay Dallas,D.Dallas,DAL415290,RB,RB,20,2250,2026,52552,32004441-4c41-5290-528d-2115c573d8ed,Demetrius,Dallas,DeeJay,RB,RB,20,ACT,https://static.www.nfl.com/image/upload/{formatInstructions}/league/qrvemj4m3g2mqlbgy352,6.281923076923078,0.0,3.1232222222222226,10,26,2.6,0,35.999908030081755,-9.999908030081755,-0.9999908030081756,0.4,PRE,1
2026,PRE,1,week,10,J'Mari Taylor,2250,00-0041217,J'Mari Taylor,J.Taylor,TAY388181,RB,RB,30,2250,2026,63285,32005441-5938-8181-91a1-e8bc952841b8,J'mari,Taylor,J'mari,RB,RB,30,ACT,https://static.www.nfl.com/image/upload/{formatInstructions}/league/bllauluwnbc34h7uzuom,3.947435897435898,4.545454545454546,2.5314761904761904,22,78,3.5454545454545454,1,88.92021661312491,-10.920216613124907,-0.49637348241476853,0.36363636363636365,PRE,1
2026,PRE,1,week,10,Emmett Johnson,2310,00-0041013,Emmett Johnson,E.Johnson,JOH224817,RB,RB,10,2310,2026,62783,32004a4f-4822-4817-94ee-278757564c6a,Emmett,Johnson,Emmett,RB,RB,10,ACT,https://static.www.nfl.com/image/upload/{formatInstructions}/league/avdz4njz1slqn7ktqcuq,3.662372881355932,0.0,2.8211666666666666,12,59,4.916666666666667,0,47.33670664387684,-1.3367066438768376,-0.12151878580698523,0.45454545454545453,PRE,1
2026,PRE,1,week,10,Demond Claiborne,3000,00-0041104,Demond Claiborne,D.Claiborne,CLA041524,RB,RB,21,3000,2026,62820,3200434c-4104-1524-c122-9e2e78581a20,Demond,Claiborne,Demond,RB,RB,21,ACT,https://static.www.nfl.com/image/upload/{formatInstructions}/league/vmozbbdzgcaqq1yrixeb,5.546176470588235,33.33333333333333,2.678272727272727,12,34,2.8333333333333335,0,44.53383267191094,-10.533832671910943,-0.877819389325912,0.3333333333333333,PRE,1
2026,PRE,1,week,10,Jam Miller,3200,00-0041129,Jam Miller,J.Miller,MIL303300,RB,RB,30,3200,2026,62867,32004d49-4c30-3300-aee6-c5554c00bbe4,Jamarion,Miller,Jam,RB,RB,30O,ACT,https://static.www.nfl.com/image/upload/{formatInstructions}/league/zfxfycwnsyjtoj1n8j5e,3.811272727272727,21.428571428571427,2.923428571428571,14,55,3.9285714285714284,0,64.43752166771422,-9.437521667714222,-0.6741086905510159,0.2857142857142857,PRE,1
2026,PRE,1,week,10,Corey Kiner,3800,00-0040556,Corey Kiner,C.Kiner,KIN264267,RB,RB,37,3800,2026,59002,32004b49-4e26-4267-f80f-d33f06568a74,Corey,Kiner,Corey,RB,RB,37,ACT,https://static.www.nfl.com/image/upload/{formatInstructions}/league/tpnamrgzfbytwlzhhyf8,2.692881355932203,20.0,2.3259999999999996,10,59,5.9,0,42.19131690825269,16.808683091747312,1.6808683091747312,0.5,PRE,1
2026,PRE,1,week,10,Jeremiyah Love,3800,00-0041027,Jeremiyah Love,J.Love,LOV121782,RB,RB,4,3800,2026,62625,32004c4f-5612-1782-cbb3-b4614515b83d,Jeremiyah,Love,Jeremiyah,RB,RB,04,ACT,https://static.www.nfl.com/image/upload/{formatInstructions}/league/b12gtjsylmql5v7iyyla,3.530689655172414,0.0,2.8574545454545457,11,58,5.2727272727272725,0,43.79457791410302,6.205422085896977,0.6205422085896977,0.5,PRE,1
2026,PRE,1,week,10,Lew Nichols III,3900,00-0038409,Lew Nichols III,L.Nichols,NIC524830,RB,RB,35,3900,2026,56100,32004e49-4352-4830-b213-0722421ec562,Arthur,Nichols,Lew,RB,RB,35O,ACT,https://static.www.nfl.com/image/upload/{formatInstructions}/league/plqg1yngo8vvs8ths7aw,4.6561111111111115,40.0,2.820333333333333,10,36,3.6,1,40.61456715571661,-5.614567155716607,-0.623840795079623,0.3333333333333333,PRE,1
2026,PRE,1,week,10,Gregory Desrosiers,4400,00-0041376,Gregory Desrosiers,G.Desrosiers,DES576214,RB,RB,31,4400,2026,63641,32004445-5357-6214-3966-5ab14792e36e,Gregory,Desrosiers,Gregory,RB,RB,31O,ACT,https://static.www.nfl.com/image/upload/{formatInstructions}/league/serg5wdxgoemdropu4vs,6.3318518518518525,20.0,3.269625,10,27,2.7,0,36.46394001355813,-10.46394001355813,-1.1626600015064588,0.3333333333333333,PRE,1
2026,PRE,1,week,10,Sincere McCormick,4500,00-0037509,Sincere McCormick,S.McCormick,MCC594638,RB,RB,35,4500,2026,55097,32004d43-4359-4638-6f2a-4110341e4bba,Sincere,McCormick,Sincere,RB,RB,35O,ACT,https://static.www.nfl.com/image/upload/{formatInstructions}/league/t2e5ffjyc1iimyxufxjs,3.500526315789474,30.0,2.4539,10,38,3.8,0,40.231389402651054,-2.231389402651054,-0.2231389402651054,0.4,PRE,1
2026,PRE,1,week,10,George Holani,4600,00-0039299,George Holani,G.Holani,HOL000290,RB,RB,36,4600,2026,57448,3200484f-4c00-0290-4322-bf5019f19a33,George,Holani,George,RB,RB,36,ACT,https://static.www.nfl.com/image/upload/{formatInstructions}/league/pgwvv5qhcmnwf3tomy1a,4.940714285714286,25.0,2.8231818181818182,12,42,3.5,0,58.51065675400788,-16.510656754007883,-1.3758880628339902,0.3333333333333333,PRE,1
2026,PRE,1,week,10,Kaytron Allen,5110,00-0041096,Kaytron Allen,K.Allen,ALL532376,RB,RB,31,5110,2026,62809,3200414c-4c53-2376-f94b-428742171eba,Kaytron,Allen,Kaytron,RB,RB,31O,ACT,https://static.www.nfl.com/image/upload/{formatInstructions}/league/vbhwkqty94alwjyz8cin,4.094117647058823,21.73913043478261,2.669166666666667,23,85,3.6956521739130435,1,93.94121243286727,-10.941212432867275,-0.49732783785760337,0.22727272727272727,PRE,1
2026,PRE,1,week,10,Robert Henry Jr.,5110,00-0041178,Robert Henry Jr.,R.Henry,HEN713719,RB,RB,30,5110,2026,63245,32004845-4e71-3719-23cf-467fb9b086e7,Robert,Henry,Robert,RB,RB,30O,ACT,https://static.www.nfl.com/image/upload/{formatInstructions}/league/aehybugrdkpwoegwc10v,2.8632,8.333333333333332,2.7876,12,75,6.25,1,56.465183187426085,18.534816812573915,1.5445680677144928,0.4166666666666667,PRE,1
2026,PRE,2,week,10,Nate Carter,0200,00-0040547,Nate Carter,N.Carter,CAR716611,RB,RB,38,0200,2026,58993,32004341-5271-6611-864e-d83f3aae677e,Nate,Carter,Nate,RB,RB,38,ACT,https://static.www.nfl.com/image/upload/{formatInstructions}/league/c7wg2qvjvd8diaaujwpt,5.205238095238095,29.411764705882355,2.552625,17,42,2.4705882352941178,1,57.44523406428236,-22.44523406428236,-1.496348937618824,0.26666666666666666,PRE,2
2026,PRE,2,week,10,Jonathan Ward,0325,00-0035924,Jonathan Ward,J.Ward,WAR231319,RB,RB,35,0325,2026,52826,32005741-5223-1319-7a39-25c10d8660c9,Jonathan,Ward,Jonathan,RB,RB,35,ACT,https://static.www.nfl.com/image/upload/{formatInstructions}/league/yct3a4xznwcxjvn4iosk,4.582285714285714,20.0,2.7491,10,35,3.5,0,38.04164752827511,-3.0416475282751065,-0.30416475282751065,0.5,PRE,2
2026,PRE,2,week,10,Ian Wheeler,0610,00-0039466,Ian Wheeler,I.Wheeler,WHE231609,RB,RB,27,0610,2026,57580,32005748-4523-1609-4f9f-4b49c20df320,Ian,Wheeler,Ian,RB,RB,27,ACT,https://static.www.nfl.com/image/upload/{formatInstructions}/league/qxewapbjpqnku0yltsza,3.5235714285714286,14.285714285714285,2.5505,14,56,4.0,0,52.96952755187665,3.030472448123348,0.21646231772309626,0.5714285714285714,PRE,2
2026,PRE,2,week,10,Roschon Johnson,0810,00-0039021,Roschon Johnson,R.Johnson,JOH652931,RB,RB,23,0810,2026,55980,32004a4f-4865-2931-d4f5-6e3ddf27f82a,Roschon,Johnson,Roschon,RB,RB,23O,ACT,https://static.www.nfl.com/image/upload/{formatInstructions}/league/xbham6uvckkshpntb8oj,3.8428571428571425,25.0,2.5410833333333334,12,42,3.5,0,54.200838995162506,-12.200838995162506,-1.0167365829302089,0.25,PRE,2
2026,PRE,2,week,10,Raheim Sanders,1050,00-0040466,Raheim Sanders,R.Sanders,SAN455028,RB,RB,35,1050,2026,58911,32005341-4e45-5028-b876-e95fddcc551a,Raheim,Sanders,Raheim,RB,RB,35,ACT,https://static.www.nfl.com/image/upload/{formatInstructions}/league/bopoof9uczgpvpggeahp,6.07258064516129,41.66666666666667,2.7296,12,31,2.5833333333333335,0,49.01398426079305,-18.013984260793052,-1.5011653550660877,0.4166666666666667,PRE,2
2026,PRE,2,week,10,Jaydon Blue,1200,00-0040586,Jaydon Blue,J.Blue,BLU326186,RB,RB,23,1200,2026,58354,3200424c-5532-6186-a82d-38322b898c1f,Jaydon,Blue,Jaydon,RB,RB,23,ACT,https://static.www.nfl.com/image/upload/{formatInstructions}/league/lscygdlqczomp0l9oykv,2.9962666666666666,0.0,2.6447142857142856,15,75,5.0,0,52.782265037451936,16.217734962548064,1.1584096401820045,0.5714285714285714,PRE,2
2026,PRE,2,week,10,Trayveon Williams,1540,00-0035291,Trayveon Williams,Tr.Williams,WIL185325,RB,RB,47,1540,2026,47965,32005749-4c18-5325-3179-dd521a18c706,Trayveon,Williams,Trayveon,RB,RB,47,ACT,https://static.www.nfl.com/image/upload/{formatInstructions}/league/zwei0idpruplnhlmpfkr,3.6866666666666665,10.0,2.667111111111111,10,36,3.6,1,35.92997948505696,0.07002051494303885,0.007002051494303885,0.3,PRE,2
2026,PRE,2,week,10,Raheem Blackshear,1540,00-0037429,Raheem Blackshear,R.Blackshear,BLA323565,RB,RB,42,1540,2026,55014,3200424c-4132-3565-e1e9-9bf6ddfec0af,Raheem,Blackshear,Raheem,RB,RB,42O,ACT,https://static.www.nfl.com/image/upload/{formatInstructions}/league/hzdyiuzm78dpedlcicwy,5.666896551724138,18.181818181818183,3.05425,11,29,2.6363636363636362,0,24.327560916797967,4.672439083202033,0.424767189382003,0.45454545454545453,PRE,2
2026,PRE,2,week,10,D'Ernest Johnson,2100,00-0035628,D'Ernest Johnson,D.Johnson,JOH201643,RB,RB,21,2100,2026,47605,32004a4f-4820-1643-b9f5-85f0b9ca0916,D'Ernest,Johnson,D'Ernest,RB,RB,21O,ACT,https://static.www.nfl.com/image/upload/{formatInstructions}/league/gbe2eojaxid4n3pmo0rj,6.5851999999999995,30.0,2.8502222222222224,10,25,2.5,1,34.64795546507215,-12.647955465072151,-1.4053283850080167,0.4444444444444444,PRE,2
2026,PRE,2,week,10,Jordan Waters,2510,00-0040601,Jordan Waters,J.Waters,WAT099841,RB,RB,32,2510,2026,59056,32005741-5409-9841-6dab-e11636908f8c,Jordan,Waters,Jordan,RB,RB,32,ACT,https://static.www.nfl.com/image/upload/{formatInstructions}/league/wszz5ts7eqzjgiuwep45,2.623518518518519,0.0,2.4629000000000003,10,54,5.4,0,44.94935645835617,9.05064354164383,0.9050643541643829,0.7,PRE,2
2026,PRE,2,week,10,Jarquez Hunter,2510,00-0040692,Jarquez Hunter,J.Hunter,HUN671764,RB,RB,27,2510,2026,58322,32004855-4e67-1764-a239-a16be34f591e,Jarquez,Hunter,Jarquez,RB,RB,27,ACT,https://static.www.nfl.com/image/upload/{formatInstructions}/league/pqqxp2q7mkpnqbahu25c,3.348970588235294,16.666666666666664,3.281333333333334,12,68,5.666666666666667,1,41.92883109102773,21.07116890897227,1.9155608099065697,0.5454545454545454,PRE,2
2026,PRE,2,week,10,Jam Miller,3200,00-0041129,Jam Miller,J.Miller,MIL303300,RB,RB,30,3200,2026,62867,32004d49-4c30-3300-aee6-c5554c00bbe4,Jamarion,Miller,Jam,RB,RB,30O,ACT,https://static.www.nfl.com/image/upload/{formatInstructions}/league/zfxfycwnsyjtoj1n8j5e,4.641388888888889,0.0,2.8263,11,36,3.272727272727273,0,41.40323082994908,-5.403230829949081,-0.4912028027226437,0.2727272727272727,PRE,2
2026,PRE,2,week,10,Eric Gray,3410,00-0038396,Eric Gray,E.Gray,GRA652870,RB,RB,20,3410,2026,56037,32004752-4165-2870-85bd-e1a472b80efc,Eric,Gray,Eric,RB,RB,20O,ACT,https://static.www.nfl.com/image/upload/{formatInstructions}/league/ijjxwxv1ccyowzhpuw2k,4.074848484848485,50.0,2.7564,10,33,3.3,0,37.361098348338956,-4.361098348338956,-0.4361098348338956,0.3,PRE,2
2026,PRE,2,week,10,Carson Steele,3700,00-0039325,Carson Steele,C.Steele,STE027134,RB,RB,34,3700,2026,57479,32005354-4502-7134-7df7-46dbe8c0fb92,Carson,Steele,Carson,RB,RB,34O,ACT,https://static.www.nfl.com/image/upload/{formatInstructions}/league/q6dciqten6frfdm1takb,5.615757575757575,33.33333333333333,2.6708,12,33,2.75,0,45.03458844492708,-12.034588444927081,-1.00288237041059,0.3333333333333333,PRE,2
2026,PRE,2,week,10,Will Shipley,3700,00-0039746,Will Shipley,W.Shipley,SHI386967,RB,RB,28,3700,2026,57248,32005348-4938-6967-5869-f740d03ae02a,Will,Shipley,Will,RB,RB,28,ACT,https://static.www.nfl.com/image/upload/{formatInstructions}/league/pvpaepncsdfgzdubkuhg,3.3146428571428572,27.27272727272727,2.6092,11,56,5.090909090909091,1,37.83937390730731,18.160626092692688,1.650966008426608,0.8181818181818182,PRE,2
2026,PRE,2,week,10,Evan Hull,3800,00-0038397,Evan Hull,E.Hull,HUL084697,RB,RB,43,3800,2026,56041,32004855-4c08-4697-e160-3c4a9d8ca5e2,Evan,Hull,Evan,RB,RB,43O,ACT,https://static.www.nfl.com/image/upload/{formatInstructions}/league/xyyujk9mvvzegaiefp51,3.104313725490196,0.0,2.659,11,51,4.636363636363637,0,53.27840972228267,-2.2784097222826674,-0.20712815657115158,0.36363636363636365,PRE,2
2026,PRE,2,week,10,Corey Kiner,3800,00-0040556,Corey Kiner,C.Kiner,KIN264267,RB,RB,37,3800,2026,59002,32004b49-4e26-4267-f80f-d33f06568a74,Corey,Kiner,Corey,RB,RB,37,ACT,https://static.www.nfl.com/image/upload/{formatInstructions}/league/tpnamrgzfbytwlzhhyf8,4.649310344827587,0.0,2.630666666666667,10,29,2.9,1,35.511695050319894,-6.511695050319894,-0.6511695050319893,0.5,PRE,2
2026,PRE,2,week,10,Kaleb Johnson,3900,00-0040142,Kaleb Johnson,K.Johnson,JOH398805,RB,RB,20,3900,2026,58288,32004a4f-4839-8805-a441-bdb3ea3187ea,Kaleb,Johnson,Kaleb,RB,RB,20,ACT,https://static.www.nfl.com/image/upload/{formatInstructions}/league/zpzc4oobxi8nr5dyonob,3.9064102564102563,40.0,2.5087,10,39,3.9,0,42.79229263068875,-7.792292630688749,-0.8658102922987498,0.4444444444444444,PRE,2
2026,PRE,2,week,10,Zamir White,4500,00-0038040,Zamir White,Z.White,WHI603663,RB,RB,30,4500,2026,54587,32005748-4960-3663-61e2-3aa5c09bf289,Zamir,White,Zamir,RB,RB,30O,ACT,https://static.www.nfl.com/image/upload/{formatInstructions}/league/jzthyqk2ld52f31ka1ir,6.264827586206897,41.66666666666667,2.916166666666667,12,29,2.4166666666666665,0,44.73179605763883,-15.731796057638832,-1.310983004803236,0.16666666666666666,PRE,2
2026,PRE,2,week,10,Kaytron Allen,5110,00-0041096,Kaytron Allen,K.Allen,ALL532376,RB,RB,31,5110,2026,62809,3200414c-4c53-2376-f94b-428742171eba,Kaytron,Allen,Kaytron,RB,RB,31O,ACT,https://static.www.nfl.com/image/upload/{formatInstructions}/league/vbhwkqty94alwjyz8cin,5.718,20.0,3.774625,10,30,3.0,0,27.68965295530918,2.3103470446908183,0.23103470446908184,0.5,PRE,2
2026,PRE,3,week,10,Frank Gore Jr.,0610,00-0039471,Frank Gore Jr.,F.Gore,GOR415561,RB,RB,20,0610,2026,57585,3200474f-5241-5561-1c30-18a57f560a0d,Frank,Gore,Frank,RB,RB,20,ACT,https://static.www.nfl.com/image/upload/{formatInstructions}/league/qzf7faowlqoh5nengpq5,5.267407407407408,20.0,2.5762222222222224,10,27,2.7,1,43.507752220603486,-21.507752220603486,-2.6884690275754357,0.0,PRE,3
2026,PRE,3,week,10,Anthony Tyus III,0750,00-0040394,Anthony Tyus III,A.Tyus,TYU415291,RB,RB,34,0750,2026,58835,32005459-5541-5291-a8ba-f4b18137ddd8,Anthony,Tyus,Anthony,RB,RB,34,ACT,https://static.www.nfl.com/image/upload/{formatInstructions}/league/ycph0v6jfxwkcycuztk0,3.437560975609756,0.0,2.678,10,41,4.1,0,44.19742103795306,-3.197421037953063,-0.3197421037953063,0.4,PRE,3
2026,PRE,3,week,10,Miles Davis,0750,00-0041485,Miles Davis,M.Davis,DAV568008,RB,RB,37,0750,2026,63167,32004441-5656-8008-a2ff-5bb04a495c08,Miles,Davis,Miles,RB,RB,37,ACT,https://static.www.nfl.com/image/upload/{formatInstructions}/league/htvohdxsq6qwts6k3cfb,3.746176470588235,45.45454545454545,2.5041818181818183,11,34,3.090909090909091,1,37.83871952656989,-3.8387195265698892,-0.3489745024154445,0.45454545454545453,PRE,3
2026,PRE,3,week,10,Roschon Johnson,0810,00-0039021,Roschon Johnson,R.Johnson,JOH652931,RB,RB,23,0810,2026,55980,32004a4f-4865-2931-d4f5-6e3ddf27f82a,Roschon,Johnson,Roschon,RB,RB,23O,ACT,https://static.www.nfl.com/image/upload/{formatInstructions}/league/xbham6uvckkshpntb8oj,4.181538461538461,46.666666666666664,2.6951428571428573,15,52,3.466666666666667,1,68.28990545217694,-16.28990545217694,-1.0859936968117958,0.26666666666666666,PRE,3
2026,PRE,3,week,10,Kentrel Bullock,0920,00-0041241,Kentrel Bullock,K.Bullock,BUL521409,RB,RB,31,0920,2026,63309,32004255-4c52-1409-d480-36c98897cf6f,Kentrel,Bullock,Kentrel,RB,RB,31,ACT,https://static.www.nfl.com/image/upload/{formatInstructions}/league/knfwlw5u1poz75qfyuy5,2.886,28.57142857142857,2.520785714285714,14,85,6.071428571428571,1,61.20097026997669,17.799029730023307,1.3691561330787159,0.46153846153846156,PRE,3
2026,PRE,3,week,10,Davon Booth,1050,00-0041277,Davon Booth,D.Booth,BOO560641,RB,RB,29,1050,2026,63476,3200424f-4f56-0641-2a3d-03c4c46b9f43,Davon,Booth,Davon,RB,RB,29O,ACT,https://static.www.nfl.com/image/upload/{formatInstructions}/league/ddzlehyaaedbtx8lh9vv,3.9935,0.0,3.2207999999999997,10,40,4.0,1,55.3945047926632,-15.394504792663199,-1.53945047926632,0.3,PRE,3
2026,PRE,3,week,10,Phil Mafah,1200,00-0040021,Phil Mafah,P.Mafah,MAF207645,RB,RB,37,1200,2026,58444,32004d41-4620-7645-f1d0-28aa9410f815,Phil,Mafah,Phil,RB,RB,37,ACT,https://static.www.nfl.com/image/upload/{formatInstructions}/league/r91conel40ilon72blzb,3.0704347826086957,0.0,2.4393333333333334,12,46,3.8333333333333335,0,44.96071543803617,1.0392845619638322,0.08660704683031935,0.5833333333333334,PRE,3
2026,PRE,3,week,10,Cody Schrader,1400,00-0039703,Cody Schrader,C.Schrader,SCH489290,RB,RB,25,1400,2026,57866,32005343-4848-9290-b9ff-ca2315d7a7cc,Cody,Schrader,Cody,RB,RB,25O,ACT,https://static.www.nfl.com/image/upload/{formatInstructions}/league/snrwsjepuvkatdjjokp8,4.790238095238095,30.76923076923077,3.0537272727272726,13,42,3.230769230769231,0,49.18407439863812,-7.184074398638117,-0.5526211075875475,0.38461538461538464,PRE,3
2026,PRE,3,week,10,Jacob Saylors,1540,00-0038896,Jacob Saylors,J.Saylors,SAY679943,RB,RB,25,1540,2026,56618,32005341-5967-9943-56d0-4f2d2d5d3eca,Jacob,Saylors,Jacob,RB,RB,25,ACT,https://static.www.nfl.com/image/upload/{formatInstructions}/league/wunm6abfmikwaewmwkp7,3.1766,29.411764705882355,2.541058823529412,17,100,5.882352941176471,0,64.9440880722794,13.0559119277206,0.8159944954825376,0.4375,PRE,3
2026,PRE,3,week,10,Deuce Vaughn,2120,00-0038622,Deuce Vaughn,D.Vaughn,VAU424979,RB,RB,31,2120,2026,56077,32005641-5542-4979-415d-9403ea793f9b,Christopher,Vaughn,Deuce,RB,RB,31,ACT,https://static.www.nfl.com/image/upload/{formatInstructions}/league/z8lnunc6vvq9qlnidaw3,5.323888888888889,0.0,3.202818181818182,12,36,3.0,0,50.33888808310977,-16.338888083109772,-1.4853534621008884,0.18181818181818182,PRE,3
2026,PRE,3,week,10,DeeJay Dallas,2250,00-0036425,DeeJay Dallas,D.Dallas,DAL415290,RB,RB,20,2250,2026,52552,32004441-4c41-5290-528d-2115c573d8ed,Demetrius,Dallas,DeeJay,RB,RB,20,ACT,https://static.www.nfl.com/image/upload/{formatInstructions}/league/qrvemj4m3g2mqlbgy352,6.602647058823529,33.33333333333333,3.0093636363636365,15,34,2.2666666666666666,0,27.168493355250227,6.831506644749773,0.4554337763166515,0.4666666666666667,PRE,3
2026,PRE,3,week,10,J'Mari Taylor,2250,00-0041217,J'Mari Taylor,J.Taylor,TAY388181,RB,RB,30,2250,2026,63285,32005441-5938-8181-91a1-e8bc952841b8,J'mari,Taylor,J'mari,RB,RB,30,ACT,https://static.www.nfl.com/image/upload/{formatInstructions}/league/bllauluwnbc34h7uzuom,4.0429545454545455,8.333333333333332,2.866,12,44,3.6666666666666665,0,37.9490610458459,5.050938954154098,0.4591762685594635,0.5454545454545454,PRE,3
2026,PRE,3,week,10,Brashard Smith,2310,00-0040078,Brashard Smith,B.Smith,SMI082538,RB,RB,24,2310,2026,58433,3200534d-4908-2538-e2f9-73c89a5b03c8,Brashard,Smith,Brashard,RB,RB,24O,ACT,https://static.www.nfl.com/image/upload/{formatInstructions}/league/xnf4x6b9a2yunsc0gaej,3.7241666666666666,12.5,2.6752666666666665,16,72,4.5,0,63.72943888246857,8.270561117531429,0.5169100698457143,0.375,PRE,3
2026,PRE,3,week,10,Jordan Waters,2510,00-0040601,Jordan Waters,J.Waters,WAT099841,RB,RB,32,2510,2026,59056,32005741-5409-9841-6dab-e11636908f8c,Jordan,Waters,Jordan,RB,RB,32,ACT,https://static.www.nfl.com/image/upload/{formatInstructions}/league/wszz5ts7eqzjgiuwep45,4.622830188679245,13.333333333333334,2.866153846153846,15,53,3.533333333333333,0,39.95932257157568,13.040677428424317,0.8693784952282878,0.3333333333333333,PRE,3
2026,PRE,3,week,10,Dean Connors,2510,00-0041415,Dean Connors,D.Connors,CON545055,RB,RB,33,2510,2026,63675,3200434f-4e54-5055-c52d-b242ed754ad8,Dean,Connors,Dean,RB,RB,33,ACT,https://static.www.nfl.com/image/upload/{formatInstructions}/league/fgsgqkdsnliwujjtvvw3,3.9908695652173916,22.22222222222222,2.7423333333333333,18,69,3.8333333333333335,0,67.90464909231945,0.09535090768055454,0.005608876922385562,0.5294117647058824,PRE,3
2026,PRE,3,week,10,Dare Ogunbowale,2520,00-0033854,Dare Ogunbowale,D.Ogunbowale,OGU417955,RB,RB,32,2520,2026,45719,32004f47-5541-7955-59ab-15bd05c31d80,Oluwadare,Ogunbowale,Dare,RB,RB,32,ACT,https://static.www.nfl.com/image/upload/{formatInstructions}/league/bsm0k0jkytuiej2riudv,4.114324324324325,0.0,2.7295555555555553,10,37,3.7,0,48.32577077167814,-11.325770771678137,-1.1325770771678136,0.3,PRE,3
2026,PRE,3,week,10,Carlos Washington,2700,00-0038930,Carlos Washington,C.Washington,WAS074238,RB,RB,37,2700,2026,56653,32005741-5307-4238-451f-336b60d6b017,Carlos,Washington,Carlos,RB,RB,37,ACT,https://static.www.nfl.com/image/upload/{formatInstructions}/league/oc9zhtjhrxq5vxr1qkak,5.3950000000000005,15.384615384615385,2.6667,13,34,2.6153846153846154,0,34.85267190241454,0.14732809758545784,0.01227734146545482,0.4166666666666667,PRE,3
2026,PRE,3,week,10,Hassan Haskins,3200,00-0037617,Hassan Haskins,H.Haskins,HAS288544,RB,RB,26,3200,2026,54596,32004841-5328-8544-d8b7-95875ddb3ea1,Hassan,Haskins,Hassan,RB,RB,26O,ACT,https://static.www.nfl.com/image/upload/{formatInstructions}/league/n9jwsfxyo1xppmhscpik,4.092894736842105,45.45454545454545,3.105090909090909,11,38,3.4545454545454546,0,34.312425510993386,3.6875744890066144,0.33523404445514676,0.45454545454545453,PRE,3
2026,PRE,3,week,10,Najee Harris,3410,00-0036893,Najee Harris,N.Harris,HAR493163,RB,RB,22,3410,2026,53453,32004841-5249-3163-f8f5-73c55f8a5c0d,Najee,Harris,Najee,RB,RB,22O,ACT,https://static.www.nfl.com/image/upload/{formatInstructions}/league/grfxgbvqnzz40r7rdtvk,4.355384615384616,27.27272727272727,2.8472999999999997,11,39,3.5454545454545454,0,48.57814215411857,-9.578142154118567,-0.8707401958289606,0.2727272727272727,PRE,3
2026,PRE,3,week,10,Eric Gray,3410,00-0038396,Eric Gray,E.Gray,GRA652870,RB,RB,20,3410,2026,56037,32004752-4165-2870-85bd-e1a472b80efc,Eric,Gray,Eric,RB,RB,20O,ACT,https://static.www.nfl.com/image/upload/{formatInstructions}/league/ijjxwxv1ccyowzhpuw2k,4.304324324324324,25.0,2.5316363636363635,12,37,3.0833333333333335,0,46.40523691755368,-9.40523691755368,-0.7837697431294733,0.3333333333333333,PRE,3
2026,PRE,3,week,10,Damon Bankston,3410,00-0041139,Damon Bankston,D.Bankston,BAN673434,RB,RB,37,3410,2026,63198,32004241-4e67-3434-7fcf-29ceba335350,Damon,Bankston,Damon,RB,RB,37,ACT,https://static.www.nfl.com/image/upload/{formatInstructions}/league/pfbet5qlrhpv0qaxqbax,3.5474193548387096,18.181818181818183,2.719909090909091,11,62,5.636363636363637,0,57.85015184328344,3.1498481567165584,0.3149848156716558,0.5,PRE,3
2026,PRE,3,week,10,Chip Trayanum,3430,00-0041239,Chip Trayanum,C.Trayanum,TRA547801,RB,RB,40,3430,2026,63307,32005452-4154-7801-274e-92c93dce157d,DeaMonte,Trayanum,Chip,RB,RB,40,ACT,https://static.www.nfl.com/image/upload/{formatInstructions}/league/hdagffadajptx8nxfs8w,3.7305263157894735,16.666666666666664,2.2812727272727273,12,38,3.1666666666666665,1,32.53214890003649,5.467851099963511,0.45565425833029255,0.5,PRE,3
2026,PRE,3,week,10,Evan Hull,3800,00-0038397,Evan Hull,E.Hull,HUL084697,RB,RB,43,3800,2026,56041,32004855-4c08-4697-e160-3c4a9d8ca5e2,Evan,Hull,Evan,RB,RB,43O,ACT,https://static.www.nfl.com/image/upload/{formatInstructions}/league/xyyujk9mvvzegaiefp51,2.7515887850467293,31.25,2.6093333333333333,16,107,6.6875,2,74.94496295473934,32.05503704526066,2.0034398153287913,0.5625,PRE,3
2026,PRE,3,week,10,Jacardia Wright,4600,00-0040067,Jacardia Wright,J.Wright,WRI344516,RB,RB,31,4600,2026,58513,32005752-4934-4516-3021-1ea86d601ac5,Jacardia,Wright,Jacardia,RB,RB,31,ACT,https://static.www.nfl.com/image/upload/{formatInstructions}/league/tp3d97gujpw7fkvn7gno,7.528484848484848,20.0,2.999153846153846,15,33,2.2,0,44.14696355506033,-15.146963555060331,-1.081925968218595,0.35714285714285715,PRE,3
2026,PRE,3,week,10,Robert Henry Jr.,5110,00-0041178,Robert Henry Jr.,R.Henry,HEN713719,RB,RB,30,5110,2026,63245,32004845-4e71-3719-23cf-467fb9b086e7,Robert,Henry,Robert,RB,RB,30O,ACT,https://static.www.nfl.com/image/upload/{formatInstructions}/league/aehybugrdkpwoegwc10v,4.056666666666667,0.0,3.038875,10,33,3.3,0,42.667271096349374,-14.667271096349374,-1.6296967884832638,0.3333333333333333,PRE,3
2026,REG,0,season,5,Kyren Williams,2510,00-0037840,Kyren Williams,K.Williams,WIL415359,RB,RB,23,2510,2026,54629,32005749-4c41-5359-809b-caeaa1db84d0,Kyren,Williams,Kyren,RB,RB,23,ACT,https://static.www.nfl.com/image/upload/{formatInstructions}/league/xti3pek6rmojqchakxpy,3.5536585365853655,18.181818181818183,2.5645454545454545,11,41,3.727272727272727,1,48.78854153906768,-7.78854153906768,-0.7080492308243346,0.2727272727272727,,
2026,REG,0,season,5,Blake Corum,2510,00-0039738,Blake Corum,B.Corum,COR783995,RB,RB,24,2510,2026,57204,3200434f-5278-3995-2ab1-10c11dc750f2,Blake,Corum,Blake,RB,RB,24,ACT,https://static.www.nfl.com/image/upload/{formatInstructions}/league/axzqbqjkrbwfzodwwakq,3.205925925925926,10.0,2.58625,10,54,5.4,0,53.31814954316188,0.6818504568381201,0.068185045683812,0.3,,
2026,REG,0,season,5,Rhamondre Stevenson,3200,00-0036875,Rhamondre Stevenson,R.Stevenson,STE703131,RB,RB,38,3200,2026,53549,32005354-4570-3131-4f2a-53760868c1d8,Rhamondre,Stevenson,Rhamondre,RB,RB,38,ACT,https://static.www.nfl.com/image/upload/{formatInstructions}/league/zmpuirvuw4r04inxth5i,5.162549019607844,16.666666666666664,3.1465,18,51,2.8333333333333335,0,73.12230089308588,-22.122300893085878,-1.2290167162825487,0.3888888888888889,,
2026,REG,0,season,5,Christian McCaffrey,4500,00-0033280,Christian McCaffrey,C.McCaffrey,MCC035988,RB,RB,23,4500,2026,44820,32004d43-4303-5988-790d-0077d6a4692b,Christian,McCaffrey,Christian,RB,RB,23,ACT,https://static.www.nfl.com/image/upload/{formatInstructions}/league/st82s2ytyzanatcmkqck,2.6777941176470588,0.0,2.262,10,68,6.8,0,51.806124530660156,16.193875469339844,1.6193875469339845,0.6,,
2026,REG,0,season,5,Kaelon Black,4500,00-0041052,Kaelon Black,K.Black,BLA097235,RB,RB,26,4500,2026,62712,3200424c-4109-7235-2975-c002348bcd9e,Kaelon,Black,Kaelon,RB,RB,26,ACT,https://static.www.nfl.com/image/upload/{formatInstructions}/league/nwgkzr1ysr32jc79zfnt,3.7310769230769227,0.0,2.6847857142857143,14,65,4.642857142857143,0,70.31404037398748,-5.314040373987481,-0.37957431242767725,0.21428571428571427,,
2026,REG,0,season,5,Jadarian Price,4600,00-0041512,Jadarian Price,J.Price,PRI206342,RB,RB,8,4600,2026,62654,32005052-4920-6342-cc6c-83e664a5fbb1,Jadarian,Price,Jadarian,RB,RB,8,ACT,https://static.www.nfl.com/image/upload/{formatInstructions}/league/toy90i08oumgbdlvctja,4.378846153846154,40.0,3.479888888888889,10,52,5.2,0,45.16578880814726,6.834211191852738,0.6834211191852738,0.5,,
2026,REG,1,week,10,Kyren Williams,2510,00-0037840,Kyren Williams,K.Williams,WIL415359,RB,RB,23,2510,2026,54629,32005749-4c41-5359-809b-caeaa1db84d0,Kyren,Williams,Kyren,RB,RB,23,ACT,https://static.www.nfl.com/image/upload/{formatInstructions}/league/xti3pek6rmojqchakxpy,3.5536585365853655,18.181818181818183,2.5645454545454545,11,41,3.727272727272727,1,48.78854153906768,-7.78854153906768,-0.7080492308243346,0.2727272727272727,REG,1
2026,REG,1,week,10,Blake Corum,2510,00-0039738,Blake Corum,B.Corum,COR783995,RB,RB,24,2510,2026,57204,3200434f-5278-3995-2ab1-10c11dc750f2,Blake,Corum,Blake,RB,RB,24,ACT,https://static.www.nfl.com/image/upload/{formatInstructions}/league/axzqbqjkrbwfzodwwakq,3.205925925925926,10.0,2.58625,10,54,5.4,0,53.31814954316188,0.6818504568381201,0.068185045683812,0.3,REG,1
2026,REG,1,week,10,Rhamondre Stevenson,3200,00-0036875,Rhamondre Stevenson,R.Stevenson,STE703131,RB,RB,38,3200,2026,53549,32005354-4570-3131-4f2a-53760868c1d8,Rhamondre,Stevenson,Rhamondre,RB,RB,38,ACT,https://static.www.nfl.com/image/upload/{formatInstructions}/league/zmpuirvuw4r04inxth5i,5.162549019607844,16.666666666666664,3.1465,18,51,2.8333333333333335,0,73.12230089308588,-22.122300893085878,-1.2290167162825487,0.3888888888888889,REG,1
2026,REG,1,week,10,Christian McCaffrey,4500,00-0033280,Christian McCaffrey,C.McCaffrey,MCC035988,RB,RB,23,4500,2026,44820,32004d43-4303-5988-790d-0077d6a4692b,Christian,McCaffrey,Christian,RB,RB,23,ACT,https://static.www.nfl.com/image/upload/{formatInstructions}/league/st82s2ytyzanatcmkqck,2.6777941176470588,0.0,2.262,10,68,6.8,0,51.806124530660156,16.193875469339844,1.6193875469339845,0.6,REG,1
2026,REG,1,week,10,Kaelon Black,4500,00-0041052,Kaelon Black,K.Black,BLA097235,RB,RB,26,4500,2026,62712,3200424c-4109-7235-2975-c002348bcd9e,Kaelon,Black,Kaelon,RB,RB,26,ACT,https://static.www.nfl.com/image/upload/{formatInstructions}/league/nwgkzr1ysr32jc79zfnt,3.7310769230769227,0.0,2.6847857142857143,14,65,4.642857142857143,0,70.31404037398748,-5.314040373987481,-0.37957431242767725,0.21428571428571427,REG,1
2026,REG,1,week,10,Jadarian Price,4600,00-0041512,Jadarian Price,J.Price,PRI206342,RB,RB,8,4600,2026,62654,32005052-4920-6342-cc6c-83e664a5fbb1,Jadarian,Price,Jadarian,RB,RB,08,ACT,https://static.www.nfl.com/image/upload/{formatInstructions}/league/toy90i08oumgbdlvctja,4.378846153846154,40.0,3.479888888888889,10,52,5.2,0,45.16578880814726,6.834211191852738,0.6834211191852738,0.5,REG,1
