season,season_type,week,game_id,play_id,team_id,team_abbr,play_game_key,play_sequence,play_description,play_type_code,play_type,play_quarter,play_down,play_yards_to_go,play_possession_team_id,play_game_clock,play_yardline,play_yardline_number,play_yardline_side,play_absolute_yardline_number,play_time_of_day_utc,play_is_st_play,play_is_penalty,play_is_scoring,play_is_goal_to_go,play_is_end_quarter,play_home_score,play_visitor_score,play_direction,play_state,play_pre_snap_home_score,play_pre_snap_visitor_score,play_is_big_play,play_health_player_tracking_is_ok,play_health_ball_tracking_is_ok,play_is_change_of_possession
2018,REG,1,2018090901,2324,3900,PIT,57569,2324,(9:59) (Shotgun) B.Roethlisberger pass short right to J.Smith-Schuster pushed ob at CLV 7 for 67 yards (D.Randall).,2,play_type_pass,3,1,10,3900,09:59,PIT 26,26,PIT,36,2018-09-09T18:50:27.000Z,false,false,false,false,false,7,7,right,APPROVED,7,7,true,,,
2018,REG,1,2018090901,2686,3900,PIT,57569,2686,"(5:29) J.Conner left guard for 22 yards, TOUCHDOWN.",2,play_type_rush,3,1,10,3900,05:29,CLE 22,22,CLE,88,2018-09-09T19:06:32.000Z,false,false,true,false,false,7,20,right,APPROVED,7,14,true,,,
2018,REG,1,2018090902,2824,0920,CIN,57570,2824,"(4:18) A.Dalton pass deep left to A.Green for 38 yards, TOUCHDOWN.",2,play_type_pass,3,1,10,0920,04:18,IND 38,38,IND,72,2018-09-09T19:06:45.000Z,false,false,true,false,false,23,16,right,APPROVED,23,10,true,,,
2018,REG,1,2018090903,2956,2700,MIA,57571,2956,"R.Succop kicks 67 yards from TEN 35 to MIA -2. J.Grant for 102 yards, TOUCHDOWN.",32,play_type_kickoff,4,0,0,2100,14:17,TEN 35,35,TEN,75,2018-09-09T23:15:00.000Z,true,false,true,false,false,16,10,left,APPROVED,10,10,true,,,
2018,REG,1,2018090903,3300,2100,TEN,57571,3300,"J.Sanders kicks 59 yards from MIA 35 to TEN 6. D.Jennings for 94 yards, TOUCHDOWN.",32,play_type_kickoff,4,0,0,2700,10:22,MIA 35,35,MIA,45,2018-09-09T23:33:40.000Z,true,false,true,false,false,24,16,right,APPROVED,24,10,true,,,
2018,REG,1,2018090908,117,2310,KC,57576,117,"(13:24) D.Kaser punts 57 yards to KC 9, Center-M.Windt. T.Hill for 91 yards, TOUCHDOWN.",2,play_type_punt,1,4,1,4400,13:24,LAC 34,34,LAC,76,2018-09-09T20:07:49.000Z,true,false,true,false,false,0,6,left,APPROVED,0,0,true,,,
2018,REG,1,2018090908,507,2310,KC,57576,507,"(6:50) (Shotgun) P.Mahomes pass short middle to T.Hill for 58 yards, TOUCHDOWN [B.Mebane].",2,play_type_pass,1,2,4,2310,06:50,KC 42,42,KC,52,2018-09-09T20:24:40.000Z,false,false,true,false,false,3,13,right,APPROVED,3,7,true,,,
2018,REG,1,2018090911,979,4600,SEA,57579,979,(:13) R.Wilson pass short middle to W.Dissly pushed ob at DEN 5 for 66 yards (B.Marshall).,2,play_type_pass,1,1,10,4600,00:13,SEA 29,29,SEA,81,2018-09-09T21:05:25.000Z,false,false,false,false,false,7,7,left,APPROVED,7,7,true,,,
2018,REG,1,2018090911,3196,4600,SEA,57579,3196,"(14:55) (Shotgun) R.Wilson pass deep middle to T.Lockett for 51 yards, TOUCHDOWN.",2,play_type_pass,4,2,10,4600,14:55,SEA 49,49,SEA,59,2018-09-09T22:50:44.000Z,false,false,true,false,false,20,23,right,APPROVED,20,17,true,,,
2018,REG,1,2018090912,2775,1800,GB,57580,2775,"(14:06) (Shotgun) A.Rodgers pass deep right to G.Allison for 39 yards, TOUCHDOWN.",2,play_type_pass,4,2,2,1800,14:06,CHI 39,39,CHI,71,2018-09-10T02:35:27.000Z,false,false,true,false,false,9,20,right,APPROVED,3,20,true,,,
2018,REG,1,2018090912,3564,1800,GB,57580,3564,"(2:29) (Shotgun) A.Rodgers pass short middle to R.Cobb for 75 yards, TOUCHDOWN.",2,play_type_pass,4,3,10,1800,02:29,GB 25,25,GB,35,2018-09-10T03:11:32.000Z,false,false,true,false,false,23,23,right,APPROVED,17,23,true,true,true,
2018,REG,1,2018091000,3079,3430,NYJ,57581,3079,"(1:04) I.Crowell right end for 62 yards, TOUCHDOWN.",2,play_type_rush,3,2,6,3430,01:04,NYJ 38,38,NYJ,72,2018-09-11T01:48:28.000Z,false,false,true,false,false,17,47,left,APPROVED,17,41,true,,,
2018,REG,2,2018091300,4157,0325,BAL,57583,4157,"(9:41) (Shotgun) J.Flacco pass deep right to J.Brown for 21 yards, TOUCHDOWN.",2,play_type_pass,4,2,14,0325,09:41,CIN 21,21,CIN,31,2018-09-14T03:12:23.000Z,false,false,true,false,false,28,23,left,APPROVED,28,17,true,,,
2018,REG,2,2018091601,1811,0610,BUF,57585,1811,(1:49) (Shotgun) J.Allen pass deep left to Z.Jones to LAC 18 for 57 yards (J.Addae). Caught in flat at LAC 20.,2,play_type_pass,2,2,10,0610,01:49,BUF 25,25,BUF,85,2018-09-16T18:19:18.000Z,false,false,false,false,false,3,28,left,APPROVED,3,28,true,,,
2018,REG,2,2018091602,3122,3000,MIN,57586,3122,"(7:29) (Shotgun) K.Cousins pass deep middle to S.Diggs for 75 yards, TOUCHDOWN.",2,play_type_pass,4,2,10,3000,07:29,MIN 25,25,MIN,35,2018-09-16T19:35:49.000Z,false,false,true,false,false,23,20,right,APPROVED,23,14,true,,,
2018,REG,2,2018091602,3925,3000,MIN,57586,3925,"(:36) (Shotgun) K.Cousins pass deep right to A.Thielen for 22 yards, TOUCHDOWN [M.Daniels].",2,play_type_pass,4,1,10,3000,00:36,GB 22,22,GB,88,2018-09-16T20:08:30.000Z,false,false,true,false,false,29,27,right,APPROVED,29,21,true,,,
2018,REG,2,2018091603,3816,1050,CLE,57587,3816,"(1:24) (Shotgun) T.Taylor pass deep middle to A.Callaway for 47 yards, TOUCHDOWN. Pass 47, YAC 0",2,play_type_pass,4,4,5,1050,01:24,NO 47,47,NO,57,2018-09-16T19:45:27.000Z,false,false,true,false,false,18,18,left,APPROVED,18,12,true,,,
2018,REG,2,2018091606,51,4900,TB,57590,51,"(15:00) R.Fitzpatrick pass deep middle to D.Jackson for 75 yards, TOUCHDOWN.",2,play_type_pass,1,1,10,4900,15:00,TB 25,25,TB,85,2018-09-16T17:03:04.000Z,false,false,true,false,false,6,0,left,APPROVED,0,0,true,,,
2018,REG,2,2018091606,1640,4900,TB,57590,1640,"(4:51) (Shotgun) R.Fitzpatrick pass short middle to O.Howard for 75 yards, TOUCHDOWN.",2,play_type_pass,2,1,10,4900,04:51,TB 25,25,TB,35,2018-09-16T18:12:10.000Z,false,false,true,false,false,13,7,right,APPROVED,7,7,true,,,
2018,REG,2,2018091606,3607,3700,PHI,57590,3607,(5:56) (Shotgun) N.Foles pass deep right to J.Perkins to TB 20 for 30 yards (J.Whitehead) [W.Gholston].,2,play_type_pass,4,1,10,3700,05:56,50,,,60,2018-09-16T19:51:02.000Z,false,false,false,false,false,27,14,left,APPROVED,27,14,true,,,
2018,REG,2,2018091607,329,2100,TEN,57591,329,"(10:00) (Punt formation) K.Byard pass deep right to D.Cruikshank for 66 yards, TOUCHDOWN.",2,play_type_pass,1,4,6,2100,10:00,TEN 34,34,TEN,44,2018-09-16T17:13:17.000Z,true,false,true,false,false,6,0,right,APPROVED,0,0,true,,,
2018,REG,2,2018091610,3204,4500,SF,57594,3204,"(1:06) M.Breida right tackle for 66 yards, TOUCHDOWN.",2,play_type_rush,3,1,10,4500,01:06,SF 34,34,SF,76,2018-09-16T22:22:01.000Z,false,false,true,false,false,26,13,left,APPROVED,20,13,true,,,
2018,REG,2,2018091612,760,2250,JAX,57596,760,"(2:18) B.Bortles pass deep left to K.Cole for 24 yards, TOUCHDOWN [D.Hightower].",2,play_type_pass,1,1,10,2250,02:18,NE 24,24,NE,86,2018-09-16T20:57:22.000Z,false,false,true,false,false,13,0,right,APPROVED,7,0,true,,,
2018,REG,2,2018091700,3335,4600,SEA,57598,3335,"(10:19) (No Huddle, Shotgun) R.Wilson pass deep right to T.Lockett for 19 yards, TOUCHDOWN.",2,play_type_pass,4,2,7,4600,10:19,CHI 19,19,CHI,29,2018-09-18T02:36:58.000Z,false,false,true,false,false,17,9,left,APPROVED,17,3,true,,,
2018,REG,3,2018092301,3690,0325,BAL,57601,3690,"(9:17) (Shotgun) C.Keenum pass short middle intended for J.Heuerman INTERCEPTED by P.Onwuasor at BLT 11. P.Onwuasor for 89 yards, TOUCHDOWN NULLIFIED by Penalty. PENALTY on BLT-M.Judon, Illegal Block Above the Waist, 10 yards, enforced at BLT 44.",2,play_type_pass,4,2,15,1400,09:17,BAL 15,15,BAL,25,2018-09-23T19:45:01.000Z,false,true,false,true,false,27,14,left,APPROVED,27,14,false,,,
2018,REG,3,2018092302,749,0920,CIN,57602,749,"(3:02) A.Dalton pass incomplete deep left to A.Green. Cincinnati challenged the incomplete pass ruling, and the play was REVERSED. A.Dalton pass deep left to A.Green ran ob at CAR 44 for 31 yards.",2,play_type_pass,1,1,10,0920,03:02,CIN 25,25,CIN,35,2018-09-23T17:31:11.000Z,false,false,false,false,false,7,7,right,APPROVED,7,7,true,,,
2018,REG,3,2018092305,1338,2310,KC,57605,1338,"(9:04) (Shotgun) P.Mahomes pass short right to C.Conley for 4 yards, TOUCHDOWN.",2,play_type_pass,2,3,4,2310,09:04,SF 4,4,SF,106,2018-09-23T17:57:24.000Z,false,false,true,true,false,20,7,right,APPROVED,14,7,true,true,true,
2018,REG,3,2018092306,80,2520,OAK,57606,80,(14:56) D.Carr pass short middle to J.Nelson pushed ob at MIA 14 for 61 yards (J.Baker) [A.Spence].,2,play_type_pass,1,2,10,2520,14:56,OAK 25,25,OAK,85,2018-09-23T17:03:52.000Z,false,false,false,false,false,0,0,left,APPROVED,0,0,true,,,
2018,REG,3,2018092306,3553,2700,MIA,57606,3553,"(2:11) (Shotgun) R.Tannehill pass short middle to A.Wilson for 74 yards, TOUCHDOWN.",2,play_type_pass,4,2,4,2700,02:11,MIA 26,26,MIA,36,2018-09-23T19:55:22.000Z,false,false,true,false,false,27,17,right,APPROVED,21,17,true,,,
2018,REG,3,2018092309,138,5110,WAS,57609,138,"(13:02) A.Smith pass deep middle to P.Richardson for 46 yards, TOUCHDOWN.",2,play_type_pass,1,1,10,5110,13:02,GB 46,46,GB,64,2018-09-23T17:05:13.000Z,false,false,true,false,false,6,0,right,APPROVED,0,0,true,,,
2018,REG,3,2018092310,2372,2510,LA,57610,2372,"(12:51) (Shotgun) J.Goff pass deep right to C.Kupp for 53 yards, TOUCHDOWN [U.Nwosu].",2,play_type_pass,3,3,8,2510,12:51,LA 47,47,LA,63,2018-09-23T21:51:19.000Z,false,false,true,false,false,27,13,left,APPROVED,21,13,true,,,
2018,REG,3,2018092311,141,3800,ARI,57611,141,"(12:20) S.Bradford pass deep left to R.Seals-Jones for 35 yards, TOUCHDOWN [A.Hicks].",2,play_type_pass,1,2,6,3800,12:20,CHI 35,35,CHI,45,2018-09-23T20:29:29.000Z,false,false,true,false,false,6,0,left,APPROVED,0,0,true,,,
2018,REG,3,2018092400,539,3900,PIT,57614,539,"(6:00) (Shotgun) B.Roethlisberger pass short left to V.McDonald for 75 yards, TOUCHDOWN.",2,play_type_pass,1,3,10,3900,06:00,PIT 25,25,PIT,35,2018-09-25T00:38:11.000Z,false,false,true,false,false,7,6,right,APPROVED,7,0,true,,,
2018,REG,3,2018092400,3834,4900,TB,57614,3834,"(5:49) (Shotgun) R.Fitzpatrick pass deep left to M.Evans for 24 yards, TOUCHDOWN [S.Tuitt].",2,play_type_pass,4,2,10,4900,05:49,PIT 24,24,PIT,34,2018-09-25T03:11:45.000Z,false,false,true,false,false,26,30,left,APPROVED,20,30,true,,,
2018,REG,4,2018092700,1600,2510,LA,57615,1600,"(3:55) (Shotgun) J.Goff pass deep right to C.Kupp for 19 yards, TOUCHDOWN.",2,play_type_pass,2,1,10,2510,03:55,MIN 19,19,MIN,91,2018-09-28T01:27:58.000Z,false,false,true,false,false,20,17,right,APPROVED,14,17,true,,,
2018,REG,4,2018092700,1960,2510,LA,57615,1960,"(1:33) (Shotgun) J.Goff pass deep middle to B.Cooks for 47 yards, TOUCHDOWN.",2,play_type_pass,2,1,10,2510,01:33,MIN 47,47,MIN,63,2018-09-28T01:42:04.000Z,false,false,true,false,false,27,17,right,APPROVED,21,17,true,,,
2018,REG,4,2018093002,879,1540,DET,57618,879,"(:30) (Shotgun) M.Stafford pass short right to G.Tate for 45 yards, TOUCHDOWN. Penalty on DAL-R.Gregory, Illegal Use of Hands, declined.",2,play_type_pass,1,3,3,1540,00:30,DAL 45,45,DAL,65,2018-09-30T17:40:50.000Z,false,false,true,false,false,3,6,right,APPROVED,3,0,true,,,
2018,REG,4,2018093002,3466,1540,DET,57618,3466,"(2:24) (Shotgun) M.Stafford pass deep right to G.Tate for 38 yards, TOUCHDOWN.",2,play_type_pass,4,2,12,1540,02:24,DAL 38,38,DAL,48,2018-09-30T19:45:17.000Z,false,false,true,false,false,23,23,left,APPROVED,23,17,true,,,
2018,REG,4,2018093004,3083,2200,IND,57620,3083,"(5:21) (Shotgun) A.Luck pass short right to N.Hines for 14 yards, TOUCHDOWN.",2,play_type_pass,3,1,10,2200,05:21,HOU 14,14,HOU,24,2018-09-30T19:16:01.000Z,false,false,true,false,false,16,28,left,APPROVED,10,28,true,,,
2018,REG,4,2018093005,2872,2250,JAX,57621,2872,"(3:47) (Shotgun) B.Bortles pass deep right to D.Moncrief for 67 yards, TOUCHDOWN.",2,play_type_pass,3,2,12,2250,03:47,JAX 33,33,JAX,77,2018-09-30T19:13:06.000Z,false,false,true,false,false,24,3,left,APPROVED,18,3,true,,,
2018,REG,4,2018093006,1120,3200,NE,57622,1120,"(12:11) (Shotgun) T.Brady pass deep left to C.Patterson for 55 yards, TOUCHDOWN. NE 12-Brady 70th different career TD target, ties NFL record (Testaverde).",2,play_type_pass,2,3,6,3200,12:11,NE 45,45,NE,55,2018-09-30T17:46:27.000Z,false,false,true,false,false,9,0,right,APPROVED,3,0,true,,,
2018,REG,4,2018093009,364,2520,OAK,57625,364,"(10:11) (Shotgun) B.Mayfield pass short left intended for A.Callaway INTERCEPTED by G.Conley at CLV 36. G.Conley for 36 yards, TOUCHDOWN.",2,play_type_pass,1,2,8,1050,10:11,CLE 25,25,CLE,35,2018-09-30T20:19:42.000Z,false,false,true,false,false,6,0,right,APPROVED,0,0,true,,,
2018,REG,4,2018093010,2478,4400,LAC,57626,2478,(9:00) (Shotgun) C.Beathard pass short left intended for G.Celek INTERCEPTED by T.Williams at LAC 2. T.Williams to SF 12 for 86 yards (P.Garcon).,2,play_type_pass,3,1,8,4500,09:00,LAC 8,8,LAC,102,2018-09-30T22:22:22.000Z,false,false,false,true,false,23,17,right,APPROVED,23,17,true,,,
2018,REG,4,2018093011,3806,3300,NO,57627,3806,"(2:16) A.Kamara right guard for 49 yards, TOUCHDOWN.",2,play_type_rush,4,1,10,3300,02:16,NYG 49,49,NYG,61,2018-09-30T23:14:12.000Z,false,false,true,false,false,18,32,right,APPROVED,18,26,true,,,
2018,REG,5,2018100701,1468,3410,NYG,57632,1468,"(6:48) O.Beckham pass deep right to S.Barkley for 57 yards, TOUCHDOWN.",2,play_type_pass,2,2,18,3410,06:48,NYG 43,43,NYG,67,2018-10-07T18:09:40.000Z,false,false,true,false,false,17,9,left,APPROVED,17,3,true,true,true,
2018,REG,5,2018100701,3474,3410,NYG,57632,3474,"(8:16) E.Manning pass deep right to O.Beckham for 33 yards, TOUCHDOWN. Penalty on CAR-L.Kuechly, Illegal Contact, declined.",2,play_type_pass,4,2,9,3410,08:16,CAR 33,33,CAR,77,2018-10-07T19:47:25.000Z,false,false,true,false,false,27,22,right,APPROVED,27,16,true,,,
2018,REG,5,2018100702,1828,2700,MIA,57633,1828,"(:40) K.Huber punts 50 yards to MIA 29, Center-C.Harris. J.Grant pushed ob at CIN 2 for 69 yards (C.Core). The Replay Official reviewed the runner was out of bounds ruling, and the play was REVERSED. K.Huber punts 50 yards to MIA 29, Center-C.Harris. J.Grant for 71 yards, TOUCHDOWN.",2,play_type_punt,2,4,6,0920,00:40,CIN 21,21,CIN,89,2018-10-07T18:17:20.000Z,true,false,true,false,false,0,7,left,APPROVED,0,7,true,,,
2018,REG,5,2018100706,959,3430,NYJ,57637,959,"(13:59) I.Crowell left end for 77 yards, TOUCHDOWN.",2,play_type_rush,2,1,10,3430,13:59,NYJ 23,23,NYJ,87,2018-10-07T17:40:24.000Z,false,false,true,false,false,6,7,left,APPROVED,0,7,true,,,
2018,REG,5,2018100706,1174,3430,NYJ,57637,1174,"(10:57) (Shotgun) S.Darnold pass deep left to R.Anderson for 76 yards, TOUCHDOWN.",2,play_type_pass,2,3,9,3430,10:57,NYJ 24,24,NYJ,86,2018-10-07T17:52:18.000Z,false,false,true,false,false,13,7,left,APPROVED,7,7,true,,,
2018,REG,5,2018100706,1999,3430,NYJ,57637,1999,"(1:17) S.Darnold pass deep left to R.Anderson for 35 yards, TOUCHDOWN.",2,play_type_pass,2,1,10,3430,01:17,DEN 35,35,DEN,45,2018-10-07T18:26:16.000Z,false,false,true,false,false,20,10,left,APPROVED,14,10,true,,,
2018,REG,5,2018100706,4213,3430,NYJ,57637,4213,"(:11) (No Huddle, Shotgun) C.Keenum pass short left intended for C.Sutton INTERCEPTED by M.Maye (M.Claiborne) at NYJ -5. M.Maye to DEN 1 for 104 yards (C.Sutton).",2,play_type_pass,4,2,3,1400,00:11,NYJ 3,3,NYJ,107,2018-10-07T20:10:59.000Z,false,false,false,true,false,34,16,right,APPROVED,34,16,true,,,
2018,REG,5,2018100707,889,3900,PIT,57638,889,"(:43) (Shotgun) B.Roethlisberger pass deep middle to J.Smith-Schuster for 18 yards, TOUCHDOWN.",2,play_type_pass,1,3,8,3900,00:43,ATL 18,18,ATL,28,2018-10-07T17:33:38.000Z,false,false,true,false,false,12,0,left,APPROVED,6,0,true,,,
2018,REG,5,2018100707,1113,0200,ATL,57638,1113,"(11:29) (Shotgun) M.Ryan pass short middle to M.Sanu for 43 yards, TOUCHDOWN.",2,play_type_pass,2,1,10,0200,11:29,PIT 43,43,PIT,53,2018-10-07T17:45:43.000Z,false,false,true,false,false,13,6,left,APPROVED,13,0,true,,,
2018,REG,5,2018100709,3830,3700,PHI,57640,3830,"(1:15) (Shotgun) C.Wentz pass short left to Z.Ertz for 7 yards, TOUCHDOWN.",2,play_type_pass,4,1,7,3700,01:15,MIN 7,7,MIN,103,2018-10-07T23:22:48.000Z,false,false,true,true,false,20,23,right,APPROVED,14,23,true,,,
2018,REG,5,2018100710,355,3800,ARI,57641,355,"(9:49) J.Rosen pass deep middle to C.Kirk for 75 yards, TOUCHDOWN. Caught at SF 22.  22-YAC",2,play_type_pass,1,1,10,3800,09:49,ARI 25,25,ARI,35,2018-10-07T20:37:37.000Z,false,false,true,false,false,6,6,right,APPROVED,6,0,true,,,
2018,REG,5,2018100800,1829,3300,NO,57644,1829,"(2:46) (Shotgun) D.Brees pass deep right to T.Smith for 62 yards, TOUCHDOWN. Pass 24, YAC 38 PENALTY on NO-M.Thomas, Taunting, 15 yards, enforced between downs. With this TD pass completion, NO #9 D.Brees becomes the NFL's all-time leader in passing yardage.",2,play_type_pass,2,1,10,3300,02:46,NO 38,38,NO,72,2018-10-09T01:33:11.000Z,false,true,true,false,false,26,6,left,APPROVED,20,6,false,,,
2018,REG,6,2018101100,204,3700,PHI,57645,204,"(13:27) (Shotgun) C.Wentz pass short right to A.Jeffery for 13 yards, TOUCHDOWN. Penalty on NYG-A.Ogletree, Illegal Contact, declined.",2,play_type_pass,1,3,7,3700,13:27,NYG 13,13,NYG,97,2018-10-12T00:28:08.000Z,false,false,true,false,false,0,6,right,APPROVED,0,0,true,,,
2018,REG,6,2018101100,1438,3410,NYG,57645,1438,(8:06) (Shotgun) E.Manning pass short right to S.Barkley to PHI 13 for 55 yards (B.Graham).,2,play_type_pass,2,2,10,3410,08:06,NYG 32,32,NYG,42,2018-10-12T01:24:05.000Z,false,false,false,false,false,3,14,right,APPROVED,3,14,true,,,
2018,REG,6,2018101100,2858,3410,NYG,57645,2858,"(6:19) (No Huddle, Shotgun) S.Barkley right tackle for 50 yards, TOUCHDOWN.",2,play_type_rush,3,1,10,3410,06:19,50,,,60,2018-10-12T02:34:45.000Z,false,false,true,false,false,12,31,left,APPROVED,6,31,true,,,
2018,REG,6,2018101402,1539,4400,LAC,57648,1539,"(6:43) P.Rivers pass deep left to Ty.Williams for 45 yards, TOUCHDOWN.",2,play_type_pass,2,1,10,4400,06:43,CLE 45,45,CLE,65,2018-10-14T18:04:08.000Z,false,false,true,false,false,3,13,right,APPROVED,3,7,true,,,
2018,REG,6,2018101404,3499,2700,MIA,57650,3499,"(3:17) (Shotgun) B.Osweiler pass short middle to A.Wilson for 75 yards, TOUCHDOWN.",2,play_type_pass,4,1,10,2700,03:17,MIA 25,25,MIA,85,2018-10-14T19:50:50.000Z,false,false,true,false,false,27,28,left,APPROVED,21,28,true,,,
2018,REG,6,2018101412,2072,2310,KC,57658,2072,"(13:39) (Shotgun) P.Mahomes pass deep right to K.Hunt for 67 yards, TOUCHDOWN.",2,play_type_pass,3,3,2,2310,13:39,KC 33,33,KC,43,2018-10-15T02:00:40.000Z,false,false,true,false,false,24,15,right,APPROVED,24,9,true,,,
2018,REG,6,2018101500,913,4500,SF,57659,913,"(:36) C.Beathard pass deep middle to M.Goodwin for 67 yards, TOUCHDOWN.",2,play_type_pass,1,1,10,4500,00:36,SF 33,33,SF,77,2018-10-16T00:54:21.000Z,false,false,true,false,false,17,13,left,APPROVED,17,7,true,,,
2018,REG,6,2018101500,2189,1800,GB,57659,2189,(13:41) A.Rodgers pass deep right to M.Valdes-Scantling to SF 33 for 30 yards (J.Tartt).,2,play_type_pass,3,1,10,1800,13:41,GB 37,37,GB,73,2018-10-16T02:04:47.000Z,false,false,false,false,false,20,24,left,APPROVED,20,24,true,,,
2018,REG,7,2018101800,483,1400,DEN,57660,483,"(8:45) 4-C.Keenum laterals to 10-E.Sanders. E.Sanders pass deep right to C.Sutton for 28 yards, TOUCHDOWN.",2,play_type_pass,1,1,5,1400,08:45,ARI 28,28,ARI,38,2018-10-19T00:40:58.000Z,false,false,true,false,false,0,13,left,APPROVED,0,7,true,,,
2018,REG,7,2018101800,967,1400,DEN,57660,967,"(2:13) (Shotgun) J.Rosen pass short right intended for J.Nelson INTERCEPTED by C.Harris at DEN 47. C.Harris for 53 yards, TOUCHDOWN.",2,play_type_pass,1,3,1,3800,02:13,ARI 46,46,ARI,56,2018-10-19T01:00:45.000Z,false,false,true,false,false,3,20,right,APPROVED,3,14,true,,,
2018,REG,7,2018101800,1168,1400,DEN,57660,1168,"(14:51) C.Keenum pass deep right to E.Sanders for 64 yards, TOUCHDOWN.",2,play_type_pass,2,1,10,1400,14:51,DEN 36,36,DEN,46,2018-10-19T01:10:32.000Z,false,false,true,false,false,3,27,right,APPROVED,3,21,true,,,
2018,REG,7,2018102100,324,4400,LAC,57661,324,"(9:44) P.Rivers pass deep left to Ty.Williams for 75 yards, TOUCHDOWN.",2,play_type_pass,1,1,10,4400,09:44,LAC 25,25,LAC,85,2018-10-21T13:46:59.000Z,false,false,true,false,false,6,3,left,APPROVED,0,3,true,,,
2018,REG,7,2018102102,922,0810,CHI,57663,922,"(1:12) (Shotgun) M.Trubisky scrambles left end for 8 yards, TOUCHDOWN.",2,play_type_rush,1,3,5,0810,01:12,NE 8,8,NE,18,2018-10-21T17:38:59.000Z,false,false,true,false,false,9,7,left,APPROVED,3,7,true,,,
2018,REG,7,2018102102,1452,3200,NE,57663,1452,"C.Parkey kicks 60 yards from CHI 35 to NE 5. C.Patterson for 95 yards, TOUCHDOWN.",32,play_type_kickoff,2,0,0,0810,11:05,CHI 35,35,CHI,45,2018-10-21T18:04:38.000Z,true,false,true,false,false,17,13,right,APPROVED,17,7,true,,,
2018,REG,7,2018102102,2560,0810,CHI,57663,2560,(13:41) (Shotgun) M.Trubisky scrambles left end to NE 1 for 39 yards (D.Hightower).,2,play_type_rush,3,1,10,0810,13:41,NE 40,40,NE,50,2018-10-21T18:57:30.000Z,false,false,false,false,false,17,21,left,APPROVED,17,21,true,,,
2018,REG,7,2018102102,4750,0810,CHI,57663,4750,"(:02) (Shotgun) M.Trubisky pass deep middle to K.White to NE 1 for 54 yards (D.Harmon). The Replay Official reviewed the short of the goal line ruling, and the play was Upheld. The ruling on the field was confirmed.",2,play_type_pass,4,1,10,0810,00:02,CHI 45,45,CHI,55,2018-10-21T20:20:50.000Z,false,false,false,false,false,31,38,right,APPROVED,31,38,true,,,
2018,REG,7,2018102105,373,2310,KC,57666,373,(8:53) (Shotgun) K.Hunt right tackle to CIN 6 for 21 yards (C.Lawson; S.Williams).,2,play_type_rush,1,2,10,2310,08:53,CIN 27,27,CIN,37,2018-10-22T00:35:12.000Z,false,false,false,false,false,0,0,left,APPROVED,0,0,true,,,
2018,REG,7,2018102106,782,1540,DET,57667,782,(15:00) (Shotgun) K.Johnson right guard pushed ob at MIA 20 for 71 yards (R.Jones).,2,play_type_rush,2,2,5,1540,15:00,DET 9,9,DET,19,2018-10-21T17:36:38.000Z,false,false,false,false,false,0,7,right,APPROVED,0,7,true,,,
2018,REG,7,2018102106,1216,2700,MIA,57667,1216,"(7:38) (Shotgun) B.Osweiler pass short right to K.Stills for 5 yards, TOUCHDOWN.",2,play_type_pass,2,3,5,2700,07:38,DET 5,5,DET,15,2018-10-21T17:56:24.000Z,false,false,true,true,false,6,10,left,APPROVED,0,10,true,,,
2018,REG,7,2018102107,163,3000,MIN,57668,163,"(13:28) (Shotgun) K.Cousins pass deep right to A.Thielen for 34 yards, TOUCHDOWN.",2,play_type_pass,1,1,10,3000,13:28,NYJ 34,34,NYJ,76,2018-10-21T17:05:52.000Z,false,false,true,false,false,0,6,right,APPROVED,0,0,true,,,
2018,REG,7,2018102107,3292,3000,MIN,57668,3292,"(13:46) L.Murray right guard for 38 yards, TOUCHDOWN.",2,play_type_rush,4,1,10,3000,13:46,NYJ 38,38,NYJ,72,2018-10-21T19:35:49.000Z,false,false,true,false,false,10,26,right,APPROVED,10,20,true,,,
2018,REG,7,2018102107,3944,3000,MIN,57668,3944,"(5:23) (Shotgun) K.Cousins pass deep left to A.Robinson for 34 yards, TOUCHDOWN.",2,play_type_pass,4,4,8,3000,05:23,NYJ 34,34,NYJ,76,2018-10-21T20:08:20.000Z,false,false,true,false,false,17,33,right,APPROVED,17,27,true,,,
2018,REG,7,2018102200,3269,0200,ATL,57673,3269,"(7:55) T.Coleman right tackle for 30 yards, TOUCHDOWN.",2,play_type_rush,4,3,1,0200,07:55,NYG 30,30,NYG,80,2018-10-23T02:36:24.000Z,false,false,true,false,false,19,6,right,APPROVED,13,6,true,,,
2018,REG,8,2018102500,2910,2120,HOU,57674,2910,"(4:31) D.Watson pass deep right to W.Fuller for 73 yards, TOUCHDOWN.",2,play_type_pass,3,2,8,2120,04:31,HOU 27,27,HOU,37,2018-10-26T02:42:35.000Z,false,false,true,false,false,27,17,right,APPROVED,21,17,true,,,
2018,REG,8,2018102800,2332,2250,JAX,57675,2332,"(4:38) (Shotgun) B.Bortles pass short middle to D.Westbrook for 11 yards, TOUCHDOWN.",2,play_type_pass,3,3,7,2250,04:38,PHI 11,11,PHI,99,2018-10-28T15:27:21.000Z,false,false,true,false,false,12,17,right,APPROVED,6,17,true,,,
2018,REG,8,2018102802,608,0810,CHI,57677,608,"(5:35) (Shotgun) M.Trubisky pass short middle to T.Cohen for 70 yards, TOUCHDOWN.",2,play_type_pass,1,2,10,0810,05:35,CHI 30,30,CHI,80,2018-10-28T17:23:23.000Z,false,false,true,false,false,6,0,left,APPROVED,0,0,true,,,
2018,REG,8,2018102804,598,1540,DET,57679,598,"(2:24) (No Huddle, Shotgun) M.Stafford pass deep left to M.Jones for 39 yards, TOUCHDOWN.",2,play_type_pass,1,3,10,1540,02:24,SEA 39,39,SEA,71,2018-10-28T17:22:25.000Z,false,false,true,false,false,6,0,right,APPROVED,0,0,true,,,
2018,REG,8,2018102805,2683,2310,KC,57680,2683,"(5:19) (Shotgun) P.Mahomes pass short middle to K.Hunt for 23 yards, TOUCHDOWN.",2,play_type_pass,3,4,1,2310,05:19,DEN 23,23,DEN,33,2018-10-28T19:02:30.000Z,false,false,true,false,false,29,14,left,APPROVED,23,14,true,,,
2018,REG,8,2018102806,3696,5110,WAS,57681,3696,"(3:16) A.Peterson right tackle for 64 yards, TOUCHDOWN. PENALTY on NYG-S.Chandler, Horse Collar Tackle, 15 yards, enforced between downs.",2,play_type_rush,4,2,6,5110,03:16,WAS 36,36,WAS,74,2018-10-28T19:56:01.000Z,false,true,true,false,false,6,19,left,APPROVED,6,13,false,,,
2018,REG,8,2018102808,2525,2200,IND,57683,2525,"(7:45) (Shotgun) A.Luck pass deep right to E.Ebron for 20 yards, TOUCHDOWN.",2,play_type_pass,3,3,4,2200,07:45,OAK 20,20,OAK,90,2018-10-28T21:57:42.000Z,false,false,true,false,false,21,19,right,APPROVED,21,13,true,,,
2018,REG,8,2018102811,2486,3300,NO,57686,2486,"(6:08) (Shotgun) K.Cousins pass short middle intended for S.Diggs INTERCEPTED by P.Williams at MIN 45. P.Williams for 45 yards, TOUCHDOWN.",2,play_type_pass,3,2,8,3000,06:08,MIN 44,44,MIN,66,2018-10-29T02:17:57.000Z,false,false,true,false,false,13,26,left,APPROVED,13,20,true,,,
2018,REG,8,2018102900,4364,3200,NE,57687,4364,"(6:09) (Shotgun) D.Anderson pass short right intended for C.Clay INTERCEPTED by D.McCourty at NE 16. D.McCourty for 84 yards, TOUCHDOWN.",2,play_type_pass,4,3,15,0610,06:09,NE 30,30,NE,40,2018-10-30T03:07:02.000Z,false,false,true,false,false,6,24,left,APPROVED,6,18,true,,,
2018,REG,9,2018110100,2056,4500,SF,57688,2056,(14:14) (Shotgun) N.Mullens pass short middle to G.Kittle to OAK 6 for 71 yards (G.Conley). Caught at SF 36.  58-YAC,2,play_type_pass,3,2,12,4500,14:14,SF 23,23,SF,33,2018-11-02T01:57:49.000Z,false,false,false,false,false,17,3,right,APPROVED,17,3,true,,,
2018,REG,9,2018110100,2318,4500,SF,57688,2318,"(9:28) R.Mostert right end for 52 yards, TOUCHDOWN.",2,play_type_rush,3,1,10,4500,09:28,SF 48,48,SF,58,2018-11-02T02:11:13.000Z,false,false,true,false,false,30,3,right,APPROVED,24,3,true,,,
2018,REG,9,2018110401,2180,0810,CHI,57690,2180,"(1:46) C.Schmidt punts 46 yards to CHI 41, Center-R.Ferguson. T.Cohen to BUF 23 for 36 yards (P.DiMarco). FUMBLES (P.DiMarco), ball out of bounds at BUF 23.",2,play_type_punt,2,4,22,0610,01:46,BUF 13,13,BUF,23,2018-11-04T19:20:52.000Z,true,false,false,false,false,0,21,right,APPROVED,0,21,true,true,true,
2018,REG,9,2018110402,1175,0750,CAR,57691,1175,"(11:36) C.Samuel left end for 33 yards, TOUCHDOWN. Play was a double reverse",2,play_type_rush,2,1,10,0750,11:36,TB 33,33,TB,77,2018-11-04T18:52:53.000Z,false,false,true,false,false,20,7,right,APPROVED,14,7,true,,,
2018,REG,9,2018110403,453,2310,KC,57692,453,"(8:25) (Shotgun) P.Mahomes pass short left to K.Hunt for 50 yards, TOUCHDOWN. CLV-E.Gaines was injured during the play. His return is Probable.",2,play_type_pass,1,2,10,2310,08:25,50,,,60,2018-11-04T18:18:15.000Z,false,false,true,false,false,0,6,right,APPROVED,0,0,true,,,
2018,REG,9,2018110405,1337,3000,MIN,57694,1337,(4:45) (Shotgun) D.Cook left tackle to DET 5 for 70 yards (G.Quin).,2,play_type_rush,2,1,10,3000,04:45,MIN 25,25,MIN,35,2018-11-04T19:00:42.000Z,false,false,false,false,false,7,6,right,APPROVED,7,6,true,,,
2018,REG,9,2018110406,2636,5110,WAS,57695,2636,"(5:37) (No Huddle, Shotgun) A.Smith pass deep left to M.Harris to ATL 40 for 33 yards (B.Carter).",2,play_type_pass,3,2,6,5110,05:37,WAS 27,27,WAS,37,2018-11-04T20:08:19.000Z,false,false,false,false,false,7,28,right,APPROVED,7,28,true,,,
2018,REG,9,2018110409,3891,3300,NO,57698,3891,"(4:02) (Shotgun) D.Brees pass deep left to M.Thomas for 72 yards, TOUCHDOWN. Pass 24, YAC 48. PENALTY on NO-M.Thomas, Unsportsmanlike Conduct, 15 yards, enforced between downs.",2,play_type_pass,4,3,7,3300,04:02,NO 28,28,NO,38,2018-11-05T00:19:34.000Z,false,true,true,false,false,44,35,right,APPROVED,38,35,false,,,
2018,REG,9,2018110410,3640,3200,NE,57699,3640,"(11:44) (No Huddle, Shotgun) J.Edelman pass short left to J.White to GB 2 for 37 yards (A.Morrison). backwards pass Brady to Edelman NE 28-White 61st reception of season, new career high.",2,play_type_pass,4,2,6,3200,11:44,GB 39,39,GB,49,2018-11-05T03:57:30.000Z,false,false,false,false,false,17,17,left,APPROVED,17,17,true,true,true,
2018,REG,10,2018110800,274,3900,PIT,57701,274,"(10:29) (Shotgun) B.Roethlisberger pass deep left to J.Smith-Schuster for 75 yards, TOUCHDOWN.",2,play_type_pass,1,1,10,3900,10:29,PIT 25,25,PIT,85,2018-11-09T01:32:50.000Z,false,false,true,false,false,6,7,left,APPROVED,0,7,true,,,
2018,REG,10,2018111102,2155,1050,CLE,57704,2155,"(8:51) N.Chubb right tackle for 92 yards, TOUCHDOWN.",2,play_type_rush,3,2,10,1050,08:51,CLE 8,8,CLE,102,2018-11-11T19:44:40.000Z,false,false,true,false,false,27,10,left,APPROVED,21,10,true,,,
2018,REG,10,2018111103,817,1800,GB,57705,817,(1:13) A.Jones up the middle pushed ob at MIA 4 for 67 yards (X.Howard).,2,play_type_rush,1,1,10,1800,01:13,GB 29,29,GB,39,2018-11-11T21:59:51.000Z,false,false,false,false,false,7,3,right,APPROVED,7,3,true,,,
2018,REG,10,2018111104,617,2250,JAX,57706,617,"(3:10) (Shotgun) B.Bortles pass deep right to D.Moncrief for 80 yards, TOUCHDOWN.",2,play_type_pass,1,3,3,2250,03:10,JAX 20,20,JAX,90,2018-11-11T18:26:23.000Z,false,false,true,false,false,7,6,left,APPROVED,7,0,true,,,
2018,REG,10,2018111108,679,2100,TEN,57710,679,"(6:05) (Shotgun) M.Mariota pass deep left to C.Davis for 23 yards, TOUCHDOWN. Penalty on NE-S.Gilmore, Defensive Pass Interference, declined.",2,play_type_pass,1,2,15,2100,06:05,NE 23,23,NE,87,2018-11-11T18:27:37.000Z,false,false,true,false,false,13,3,right,APPROVED,7,3,true,,,
2018,REG,10,2018111109,181,2520,OAK,57711,181,(12:33) (Punt formation) J.Townsend left end ran ob at LAC 21 for 42 yards (A.Ekeler).,2,play_type_rush,1,4,4,2520,12:33,OAK 37,37,OAK,47,2018-11-11T21:12:12.000Z,true,false,false,false,false,0,0,right,APPROVED,0,0,true,,,
2018,REG,10,2018111109,1898,4400,LAC,57711,1898,"(12:43) (Shotgun) P.Rivers pass short left to M.Gordon for 66 yards, TOUCHDOWN.",2,play_type_pass,3,2,10,4400,12:43,LAC 34,34,LAC,76,2018-11-11T22:40:16.000Z,false,false,true,false,false,3,16,left,APPROVED,3,10,true,,,
2018,REG,10,2018111110,2569,4600,SEA,57712,2569,"(4:27) R.Wilson pass deep right to T.Lockett for 23 yards, TOUCHDOWN.",2,play_type_pass,3,2,7,4600,04:27,LA 23,23,LA,87,2018-11-11T23:22:33.000Z,false,false,true,false,false,20,20,right,APPROVED,20,14,true,,,
2018,REG,10,2018111111,1374,1200,DAL,57713,1374,(6:18) (Shotgun) E.Elliott left guard to PHI 8 for 32 yards (R.Douglas).,2,play_type_rush,2,2,10,1200,06:18,PHI 40,40,PHI,70,2018-11-12T02:19:28.000Z,false,false,false,false,false,0,3,right,APPROVED,0,3,true,,,
2018,REG,10,2018111111,3656,1200,DAL,57713,3656,(2:00) (Shotgun) C.Wentz pass short right to C.Clement to DAL 35 for -5 yards (L.Vander Esch).,2,play_type_pass,4,3,2,3700,02:00,DAL 30,30,DAL,40,2018-11-12T04:15:07.000Z,false,false,false,false,false,20,27,left,APPROVED,20,27,false,,,
2018,REG,11,2018111500,834,1800,GB,57715,834,"(3:21) A.Rodgers pass deep right to R.Tonyan for 54 yards, TOUCHDOWN.",2,play_type_pass,1,2,10,1800,03:21,GB 46,46,GB,56,2018-11-16T01:54:11.000Z,false,false,true,false,false,3,13,right,APPROVED,3,7,true,,,
2018,REG,11,2018111500,3367,1800,GB,57715,3367,(11:23) (Shotgun) A.Rodgers pass deep right to D.Adams to SEA 17 for 57 yards (SL.Griffin) [J.Reed].,2,play_type_pass,4,3,9,1800,11:23,GB 26,26,GB,84,2018-11-16T03:52:28.000Z,false,false,false,false,false,20,21,left,APPROVED,20,21,true,,,
2018,REG,11,2018111801,2803,0920,CIN,57717,2803,"(5:51) (Shotgun) A.Dalton pass deep right to J.Ross for 22 yards, TOUCHDOWN.",2,play_type_pass,3,1,10,0920,05:51,BAL 22,22,BAL,32,2018-11-18T20:03:16.000Z,false,false,true,false,false,13,20,left,APPROVED,13,14,true,,,
2018,REG,11,2018111803,2119,0750,CAR,57719,2119,(12:09) (Shotgun) C.Newton pass short left to D.Moore to DET 12 for 82 yards (D.Slay). DET-D.Slay was injured during the play.,2,play_type_pass,3,3,10,0750,12:09,CAR 6,6,CAR,16,2018-11-18T19:42:12.000Z,false,false,false,false,false,10,7,right,APPROVED,10,7,true,,,
2018,REG,11,2018111804,1442,2200,IND,57720,1442,"(7:37) A.Luck pass deep middle to T.Hilton for 68 yards, TOUCHDOWN.",2,play_type_pass,2,1,10,2200,07:37,IND 32,32,IND,42,2018-11-18T18:59:56.000Z,false,false,true,false,false,16,0,right,APPROVED,10,0,true,,,
2018,REG,11,2018111806,1838,2120,HOU,57722,1838,"(2:38) (Shotgun) A.Smith pass short left intended for J.Reed INTERCEPTED by J.Reid [C.Covington] at HST -1. J.Reid for 101 yards, TOUCHDOWN.",2,play_type_pass,2,3,9,5110,02:38,HOU 9,9,HOU,101,2018-11-18T19:14:19.000Z,false,false,true,true,false,7,16,right,APPROVED,7,10,true,,,
2018,REG,11,2018111807,973,3800,ARI,57723,973,"(:27) (Shotgun) J.Rosen pass short left to C.Kirk for 59 yards, TOUCHDOWN.",2,play_type_pass,1,3,5,3800,00:27,ARI 41,41,ARI,69,2018-11-18T21:42:41.000Z,false,false,true,false,false,13,7,left,APPROVED,7,7,true,,,
2018,REG,11,2018111807,3385,3800,ARI,57723,3385,(7:03) D.Johnson up the middle pushed ob at OAK 17 for 53 yards (K.Joseph).,2,play_type_rush,4,1,10,3800,07:03,ARI 30,30,ARI,40,2018-11-18T23:34:10.000Z,false,false,false,false,false,14,20,right,APPROVED,14,20,true,,,
2018,REG,11,2018111810,3854,3900,PIT,57726,3854,"(2:36) (Shotgun) B.Roethlisberger pass short middle to V.McDonald for 11 yards, TOUCHDOWN.",2,play_type_pass,4,1,10,3900,02:36,JAX 11,11,JAX,99,2018-11-18T20:53:43.000Z,false,false,true,false,false,16,12,right,APPROVED,16,6,true,,,
2018,REG,11,2018111900,137,2510,LA,57727,137,"(14:00) (No Huddle, Shotgun) J.Goff pass short right to B.Cooks to KC 26 for 30 yards (S.Nelson).",2,play_type_pass,1,2,4,2510,14:00,LA 44,44,LA,66,2018-11-20T01:18:46.000Z,false,false,false,false,false,0,0,left,APPROVED,0,0,true,true,true,false
2018,REG,11,2018111900,884,2510,LA,57727,884,"(5:43) (Shotgun) J.Goff pass short right to J.Reynolds for 4 yards, TOUCHDOWN. Penalty on KC-E.Murray, Defensive Holding, declined.",2,play_type_pass,1,2,4,2510,05:43,KC 4,4,KC,14,2018-11-20T01:43:31.000Z,false,false,true,true,false,12,0,left,APPROVED,6,0,true,true,true,false
2018,REG,11,2018111900,1032,2510,LA,57727,1032,"(3:33) (Shotgun) P.Mahomes pass deep left to T.Hill for 25 yards, TOUCHDOWN.",2,play_type_pass,1,1,10,2310,03:33,LA 25,25,LA,85,2018-11-20T01:50:20.000Z,false,false,true,false,false,13,6,right,APPROVED,13,0,true,true,true,false
2018,REG,11,2018111900,2271,2510,LA,57727,2271,"(2:00) (Shotgun) P.Mahomes sacked at KC 13 for -9 yards (A.Donald). FUMBLES (A.Donald) [A.Donald], RECOVERED by LA-S.Ebukam at KC 11. S.Ebukam for 11 yards, TOUCHDOWN.",2,play_type_sack,2,2,8,2310,02:00,KC 22,22,KC,88,2018-11-20T02:42:49.000Z,false,false,true,false,false,22,17,left,APPROVED,16,17,false,true,true,true
2018,REG,11,2018111900,2808,2510,LA,57727,2808,"(13:38) (Shotgun) P.Mahomes sacked at LA 36 for -11 yards (A.Donald). FUMBLES (A.Donald) [A.Donald], touched at LA 41, RECOVERED by LA-J.Franklin at KC 46. J.Franklin to KC 46 for no gain (A.Reiter).",2,play_type_sack,3,1,10,2310,13:38,LA 25,25,LA,85,2018-11-20T03:12:10.000Z,false,false,false,false,false,23,23,right,APPROVED,23,23,false,true,true,true
2018,REG,11,2018111900,4120,2310,KC,57727,4120,"(12:15) P.Mahomes pass deep middle to T.Hill for 73 yards, TOUCHDOWN. PENALTY on KC-T.Hill, Taunting, 15 yards, enforced between downs.",2,play_type_pass,4,1,10,2310,12:15,KC 27,27,KC,83,2018-11-20T04:06:21.000Z,false,true,true,false,false,40,36,left,APPROVED,40,30,false,true,true,false
2018,REG,11,2018111900,5133,2510,LA,57727,5133,"(1:56) (Shotgun) J.Goff pass deep right to G.Everett for 40 yards, TOUCHDOWN.",2,play_type_pass,4,1,10,2510,01:56,KC 40,40,KC,70,2018-11-20T04:45:13.000Z,false,false,true,false,false,53,51,right,APPROVED,47,51,true,,,
2018,REG,12,2018112200,3677,0810,CHI,57728,3677,"(6:09) (Shotgun) M.Stafford pass short left intended for M.Roberts INTERCEPTED by E.Jackson at DET 41. E.Jackson for 41 yards, TOUCHDOWN.",2,play_type_pass,4,1,10,1540,06:09,DET 41,41,DET,69,2018-11-22T20:21:16.000Z,false,false,true,false,false,16,22,left,APPROVED,16,16,true,,,
2018,REG,12,2018112201,1292,5110,WAS,57729,1292,"(7:12) (Shotgun) C.McCoy pass deep left to V.Davis for 53 yards, TOUCHDOWN.",2,play_type_pass,2,1,10,5110,07:12,WAS 47,47,WAS,63,2018-11-22T22:30:13.000Z,false,false,true,false,false,7,6,left,APPROVED,7,0,true,,,
2018,REG,12,2018112201,2897,1200,DAL,57729,2897,"(2:27) (Shotgun) D.Prescott pass deep middle to A.Cooper for 90 yards, TOUCHDOWN.",2,play_type_pass,3,2,9,1200,02:27,DAL 10,10,DAL,100,2018-11-22T23:55:49.000Z,false,false,true,false,false,23,13,left,APPROVED,17,13,true,,,
2018,REG,12,2018112202,2504,3300,NO,57730,2504,"(6:05) (Shotgun) D.Brees pass deep right to D.Arnold for 25 yards, TOUCHDOWN. Pass 25, YAC 0",2,play_type_pass,3,1,10,3300,06:05,ATL 25,25,ATL,35,2018-11-23T03:15:10.000Z,false,false,true,false,false,23,3,left,APPROVED,17,3,true,,,
2018,REG,12,2018112500,1273,0325,BAL,57731,1273,"(13:01) (Punt formation) J.Townsend punts 52 yards to BLT 30, Center-T.Sieg. C.Jones for 70 yards, TOUCHDOWN.",2,play_type_punt,2,4,12,2520,13:01,OAK 18,18,OAK,92,2018-11-25T18:53:27.000Z,true,false,true,false,false,9,7,left,APPROVED,3,7,true,,,
2018,REG,12,2018112500,1502,0325,BAL,57731,1502,"(9:46) (No Huddle, Shotgun) L.Jackson pass deep right to M.Andrews to OAK 07 for 74 yards (R.Melvin).",2,play_type_pass,2,2,5,0325,09:46,BAL 19,19,BAL,29,2018-11-25T19:05:26.000Z,false,false,false,false,false,10,7,right,APPROVED,10,7,true,,,
2018,REG,12,2018112501,875,0610,BUF,57732,875,"(2:49) J.Allen pass deep right to R.Foster for 75 yards, TOUCHDOWN [Y.Ngakoue]. Caught in flat at JAX 37, slanting from middle.",2,play_type_pass,1,1,10,0610,02:49,BUF 25,25,BUF,85,2018-11-25T18:34:14.000Z,false,false,true,false,false,13,0,left,APPROVED,7,0,true,,,
2018,REG,12,2018112501,4105,0610,BUF,57732,4105,(7:25) J.Allen scrambles right guard pushed ob at JAX 37 for 45 yards (B.Church).,2,play_type_rush,4,2,9,0610,07:25,BUF 18,18,BUF,92,2018-11-25T21:00:22.000Z,false,false,false,false,false,21,14,left,APPROVED,21,14,true,,,
2018,REG,12,2018112502,3206,0750,CAR,57733,3206,(9:27) (Shotgun) C.McCaffrey up the middle to SEA 16 for 59 yards (SL.Griffin).,2,play_type_rush,4,1,10,0750,09:27,CAR 25,25,CAR,85,2018-11-25T20:31:53.000Z,false,false,false,false,false,20,20,left,APPROVED,20,20,true,,,
2018,REG,12,2018112504,361,2200,IND,57735,361,"(9:43) L.Clark reported in as eligible.  A.Luck pass short right to E.Ebron for 14 yards, TOUCHDOWN.",2,play_type_pass,1,1,10,2200,09:43,MIA 14,14,MIA,96,2018-11-25T21:38:35.000Z,false,false,true,false,false,6,7,right,APPROVED,0,7,true,,,
2018,REG,12,2018112507,153,4500,SF,57738,153,(13:35) M.Breida left end pushed ob at SF 43 for 33 yards (J.Whitehead).,2,play_type_rush,1,1,10,4500,13:35,SF 10,10,SF,100,2018-11-25T18:05:58.000Z,false,false,false,false,false,0,0,left,APPROVED,0,0,true,,,
2018,REG,12,2018112508,2449,4400,LAC,57739,2449,"(8:09) P.Rivers pass short right to K.Allen for 4 yards, TOUCHDOWN. The Replay Official reviewed the pass completion ruling, and the play was Upheld. The ruling on the field stands.",2,play_type_pass,3,1,4,4400,08:09,ARI 4,4,ARI,14,2018-11-25T22:55:49.000Z,false,false,true,true,false,34,10,left,APPROVED,28,10,true,,,
2018,REG,12,2018112509,1576,1400,DEN,57740,1576,(6:29) P.Lindsay right guard pushed ob at PIT 38 for 32 yards (T.Edmunds).,2,play_type_rush,2,1,5,1400,06:29,DEN 30,30,DEN,80,2018-11-25T22:25:25.000Z,false,false,false,false,false,3,3,left,APPROVED,3,3,true,,,
2018,REG,12,2018112509,2475,3900,PIT,57740,2475,"(10:47) B.Roethlisberger pass deep middle to J.Smith-Schuster for 97 yards, TOUCHDOWN [S.Harris].",2,play_type_pass,3,1,10,3900,10:47,PIT 3,3,PIT,107,2018-11-25T23:11:47.000Z,false,false,true,false,false,10,16,left,APPROVED,10,10,true,,,
2018,REG,12,2018112600,377,2100,TEN,57742,377,"(9:31) M.Mariota pass short middle to J.Smith for 61 yards, TOUCHDOWN.",2,play_type_pass,1,2,2,2100,09:31,TEN 39,39,TEN,71,2018-11-27T01:29:42.000Z,false,false,true,false,false,0,9,left,APPROVED,0,3,true,,,
2018,REG,12,2018112600,1222,2120,HOU,57742,1222,"(9:36) L.Miller right guard for 97 yards, TOUCHDOWN.",2,play_type_rush,2,1,10,2120,09:36,HOU 3,3,HOU,107,2018-11-27T02:08:03.000Z,false,false,true,false,false,20,10,left,APPROVED,14,10,true,,,
2018,REG,13,2018120201,2902,1400,DEN,57745,2902,"(7:45) P.Lindsay left end for 65 yards, TOUCHDOWN.",2,play_type_rush,3,1,10,1400,07:45,DEN 35,35,DEN,45,2018-12-02T20:16:58.000Z,false,false,true,false,false,3,20,right,APPROVED,3,14,true,,,
2018,REG,13,2018120206,3533,2700,MIA,57750,3533,"(8:48) (Shotgun) R.Tannehill pass short left to K.Stills for 13 yards, TOUCHDOWN [T.Murphy].",2,play_type_pass,4,2,12,2700,08:48,BUF 13,13,BUF,23,2018-12-02T20:41:29.000Z,false,false,true,false,false,20,17,left,APPROVED,14,17,true,,,
2018,REG,13,2018120207,2405,3410,NYG,57751,2405,"(13:00) O.Beckham pass deep middle to R.Shepard for 49 yards, TOUCHDOWN. End around to 13-Beckham who throws to 81-Shepard.",2,play_type_pass,3,1,10,3410,13:00,CHI 49,49,CHI,59,2018-12-02T19:45:05.000Z,false,false,true,false,false,16,14,left,APPROVED,10,14,true,,,
2018,REG,13,2018120208,3040,4400,LAC,57752,3040,"(13:11) (Punt formation) J.Berry punts 57 yards to LAC 27, Center-K.Canaday. D.King for 73 yards, TOUCHDOWN. PIT-K.Canaday was injured during the play.",2,play_type_punt,4,4,24,3900,13:11,PIT 16,16,PIT,26,2018-12-03T03:40:23.000Z,true,false,true,false,false,23,21,right,APPROVED,23,15,true,,,
2018,REG,13,2018120210,3061,2520,OAK,57754,3061,"(3:33) (Shotgun) D.Carr pass deep middle to J.Cook for 24 yards, TOUCHDOWN.",2,play_type_pass,3,2,15,2520,03:33,KC 24,24,KC,34,2018-12-02T23:13:14.000Z,false,false,true,false,false,16,26,left,APPROVED,10,26,true,,,
2018,REG,13,2018120213,946,4600,SEA,57757,946,"(13:49) (Shotgun) R.Wilson pass deep left to T.Lockett for 52 yards, TOUCHDOWN [S.Thomas].",2,play_type_pass,2,1,20,4600,13:49,SEA 48,48,SEA,62,2018-12-02T22:01:57.000Z,false,false,true,false,false,12,0,left,APPROVED,6,0,true,,,
2018,REG,13,2018120213,3952,4600,SEA,57757,3952,"(4:20) (Shotgun) N.Mullens pass short middle intended for J.Wilson INTERCEPTED by B.Wagner at SEA 2. B.Wagner for 98 yards, TOUCHDOWN.",2,play_type_pass,4,3,3,4500,04:20,SEA 5,5,SEA,105,2018-12-03T00:19:25.000Z,false,false,true,false,false,43,16,right,APPROVED,37,16,true,,,
2018,REG,13,2018120300,1224,5110,WAS,57758,1224,"(9:36) A.Peterson up the middle for 90 yards, TOUCHDOWN.",2,play_type_rush,2,1,10,5110,09:36,WAS 10,10,WAS,100,2018-12-04T02:03:14.000Z,false,false,true,false,false,7,9,left,APPROVED,7,3,true,,,
2018,REG,14,2018120600,1238,2100,TEN,57759,1238,"(7:25) D.Henry up the middle for 99 yards, TOUCHDOWN. TEN-J.Smith was injured during the play. His return is Questionable.",2,play_type_rush,2,1,10,2100,07:25,TEN 1,1,TEN,11,2018-12-07T02:10:12.000Z,false,false,true,false,false,13,2,right,APPROVED,7,2,true,,,
2018,REG,14,2018120600,2726,2100,TEN,57759,2726,"(5:41) D.Henry right end for 54 yards, TOUCHDOWN.",2,play_type_rush,3,1,10,2100,05:41,TEN 46,46,TEN,56,2018-12-07T03:24:49.000Z,false,false,true,false,false,29,2,right,APPROVED,23,2,true,,,
2018,REG,14,2018120900,1617,3430,NYJ,57760,1617,S.Hauschka kicks 59 yards from BUF 35 to NYJ 6. A.Roberts to BUF 8 for 86 yards (D.Rice).,32,play_type_kickoff,2,0,0,0610,07:14,BUF 35,35,BUF,45,2018-12-09T19:05:33.000Z,true,false,false,false,false,17,6,right,APPROVED,17,6,true,,,
2018,REG,14,2018120900,3426,3430,NYJ,57760,3426,"(12:17) (Shotgun) S.Darnold pass short left to R.Anderson for 7 yards, TOUCHDOWN. Caught 7 yds. into end zone.",2,play_type_pass,4,3,5,3430,12:17,BUF 7,7,BUF,17,2018-12-09T20:24:16.000Z,false,false,true,false,false,20,19,left,APPROVED,20,13,true,,,
2018,REG,14,2018120901,2858,0810,CHI,57761,2858,"(10:01) (Shotgun) B.Sowell reported in as eligible.  M.Trubisky pass short right to B.Sowell for 2 yards, TOUCHDOWN.",2,play_type_pass,3,3,2,0810,10:01,LA 2,2,LA,12,2018-12-10T03:21:12.000Z,false,false,true,true,false,14,6,left,APPROVED,8,6,true,,,
2018,REG,14,2018120902,365,1050,CLE,57762,365,(9:17) B.Mayfield pass deep left to B.Perriman to CAR 9 for 66 yards (D.Jackson).,2,play_type_pass,1,1,10,1050,09:17,CLE 25,25,CLE,35,2018-12-09T18:14:35.000Z,false,false,false,false,false,0,7,right,APPROVED,0,7,true,,,
2018,REG,14,2018120902,1274,1050,CLE,57762,1274,"(8:35) (Shotgun) B.Mayfield pass deep left to J.Landry for 51 yards, TOUCHDOWN.",2,play_type_pass,2,3,17,1050,08:35,CLE 49,49,CLE,61,2018-12-09T18:54:07.000Z,false,false,true,false,false,13,14,left,APPROVED,7,14,true,,,
2018,REG,14,2018120902,1350,0750,CAR,57762,1350,(8:22) (Shotgun) C.Newton pass short middle to D.Moore to CLV 42 for 40 yards (D.Randall; T.Mitchell).,2,play_type_pass,2,1,10,0750,08:22,CAR 18,18,CAR,28,2018-12-09T19:00:51.000Z,false,false,false,false,false,14,14,right,APPROVED,14,14,true,,,
2018,REG,14,2018120902,3243,1050,CLE,57762,3243,(14:13) J.Landry right guard to CAR 4 for 51 yards (L.Kuechly).,2,play_type_rush,4,3,2,1050,14:13,CLE 45,45,CLE,55,2018-12-09T20:33:38.000Z,false,false,false,false,false,17,20,right,APPROVED,17,20,true,true,true,
2018,REG,14,2018120903,166,0200,ATL,57763,166,"(13:56) M.Ryan pass deep left to J.Jones pushed ob at GB 28 for 19 yards (J.Alexander). Green Bay challenged the pass completion ruling, and the play was Upheld. The ruling on the field stands. (Timeout #2.)",2,play_type_pass,1,1,15,0200,13:56,GB 47,47,GB,57,2018-12-09T18:09:05.000Z,false,false,false,false,false,0,0,left,APPROVED,0,0,false,,,
2018,REG,14,2018120904,1731,2200,IND,57764,1731,(7:19) A.Luck pass deep middle to T.Hilton to HST 4 for 60 yards (J.Reid).,2,play_type_pass,2,1,10,2200,07:19,IND 36,36,IND,46,2018-12-09T19:07:41.000Z,false,false,false,false,false,7,0,right,APPROVED,7,0,true,,,
2018,REG,14,2018120905,4037,2310,KC,57765,4037,(1:29) (Shotgun) P.Mahomes pass deep middle to T.Hill ran ob at BLT 12 for 48 yards [Z.Smith].,2,play_type_pass,4,4,9,2310,01:29,KC 40,40,KC,70,2018-12-09T20:53:48.000Z,false,false,false,false,false,17,24,left,APPROVED,17,24,true,,,
2018,REG,14,2018120906,4172,2700,MIA,57766,4172,"(:07) (Shotgun) R.Tannehill pass short right to K.Stills to MIA 45 for 14 yards. Lateral to D.Parker to MIA 48 for 3 yards. Lateral to K.Drake for 52 yards, TOUCHDOWN. The Replay Official reviewed the score ruling, and the play was Upheld. The ruling on the field was confirmed.",2,play_type_pass,4,1,10,2700,00:07,MIA 31,31,MIA,79,2018-12-09T21:08:33.000Z,false,false,true,false,false,34,33,left,APPROVED,28,33,true,,,
2018,REG,14,2018120908,1494,3410,NYG,57768,1494,"(8:54) S.Barkley right guard for 78 yards, TOUCHDOWN.",2,play_type_rush,2,1,10,3410,08:54,NYG 22,22,NYG,88,2018-12-09T19:01:26.000Z,false,false,true,false,false,0,16,left,APPROVED,0,10,true,,,
2018,REG,14,2018120908,3577,5110,WAS,57768,3577,"(9:02) (Shotgun) J.Johnson pass short middle to J.Crowder for 79 yards, TOUCHDOWN.",2,play_type_pass,4,2,12,5110,09:02,WAS 21,21,WAS,89,2018-12-09T20:40:15.000Z,false,false,true,false,false,14,40,left,APPROVED,8,40,true,,,
2018,REG,14,2018120910,975,4500,SF,57770,975,(:28) (Shotgun) N.Mullens pass short middle to G.Kittle to DEN 12 for 52 yards (J.Simmons). Caught at SF 43.  45-YAC,2,play_type_pass,1,2,6,4500,00:28,SF 36,36,SF,74,2018-12-09T21:39:37.000Z,false,false,false,false,false,3,0,left,APPROVED,3,0,true,true,true,
2018,REG,14,2018120910,1384,4500,SF,57770,1384,"(10:00) (Shotgun) N.Mullens pass short right to G.Kittle for 85 yards, TOUCHDOWN. Caught at SF 30.  70-YAC",2,play_type_pass,2,1,10,4500,10:00,SF 15,15,SF,25,2018-12-09T21:59:17.000Z,false,false,true,false,false,12,0,right,APPROVED,6,0,true,,,
2018,REG,14,2018120911,2792,1540,DET,57771,2792,"(3:16) (Shotgun) J.Rosen pass short right intended for T.Sherfield INTERCEPTED by D.Slay [R.Okwara] at DET 33. D.Slay for 67 yards, TOUCHDOWN.",2,play_type_pass,3,3,14,3800,03:16,DET 44,44,DET,54,2018-12-09T23:24:01.000Z,false,false,true,false,false,0,9,left,APPROVED,0,3,true,,,
2018,REG,15,2018121500,1484,2120,HOU,57776,1484,"(8:22) (Shotgun) D.Watson pass deep middle to D.Hopkins for 45 yards, TOUCHDOWN.",2,play_type_pass,2,2,9,2120,08:22,NYJ 45,45,NYJ,55,2018-12-15T22:25:21.000Z,false,false,true,false,false,3,12,left,APPROVED,3,6,true,,,
2018,REG,15,2018121500,3885,2120,HOU,57776,3885,"(2:20) D.Watson pass short left to D.Hopkins for 14 yards, TOUCHDOWN.",2,play_type_pass,4,1,10,2120,02:20,NYJ 14,14,NYJ,24,2018-12-16T00:20:04.000Z,false,false,true,false,false,22,25,left,APPROVED,22,19,true,,,
2018,REG,15,2018121501,1907,1050,CLE,57777,1907,(1:50) (Shotgun) C.Keenum pass deep left intended for C.Sutton INTERCEPTED by J.Peppers [L.Ogunjobi] at CLV 0. Touchback.,2,play_type_pass,2,3,10,1400,01:50,CLE 29,29,CLE,39,2018-12-16T02:33:22.000Z,false,false,false,false,false,10,10,left,APPROVED,10,10,true,,,
2018,REG,15,2018121600,322,3800,ARI,57778,322,(10:35) (Shotgun) J.Rosen pass deep right to D.Johnson ran ob at ATL 12 for 40 yards (D.Kazee).,2,play_type_pass,1,1,10,3800,10:35,ARI 48,48,ARI,62,2018-12-16T18:12:49.000Z,false,false,false,false,false,0,0,left,APPROVED,0,0,true,,,
2018,REG,15,2018121600,665,0200,ATL,57778,665,"(6:21) (Shotgun) J.Rosen pass short right intended for D.Johnson INTERCEPTED by D.Jones (V.Beasley) at ARZ 41. D.Jones for 41 yards, TOUCHDOWN.",2,play_type_pass,1,2,11,3800,06:21,ARI 42,42,ARI,68,2018-12-16T18:29:10.000Z,false,false,true,false,false,6,7,left,APPROVED,0,7,true,,,
2018,REG,15,2018121600,882,0200,ATL,57778,882,(2:52) T.Coleman right end to ARZ 7 for 65 yards (T.Boston).,2,play_type_rush,1,1,10,0200,02:52,ATL 28,28,ATL,38,2018-12-16T18:38:34.000Z,false,false,false,false,false,7,7,right,APPROVED,7,7,true,,,
2018,REG,15,2018121601,1741,4900,TB,57779,1741,"(3:15) (No Huddle, Shotgun) J.Winston pass deep left to M.Evans pushed ob at BLT 21 for 64 yards (J.Smith). PENALTY on BLT-J.Smith, Face Mask (15 Yards), 10 yards, enforced at BLT 21.",2,play_type_pass,2,3,20,4900,03:15,TB 15,15,TB,25,2018-12-16T19:08:51.000Z,false,true,false,false,false,7,6,right,APPROVED,7,6,false,,,
2018,REG,15,2018121602,3455,0610,BUF,57780,3455,"(10:35) (Shotgun) J.Allen pass deep right to R.Foster for 42 yards, TOUCHDOWN. Caught near sideline at DET 12.",2,play_type_pass,4,1,15,0610,10:35,DET 42,42,DET,52,2018-12-16T20:28:46.000Z,false,false,true,false,false,13,13,left,APPROVED,7,13,true,,,
2018,REG,15,2018121604,4089,0920,CIN,57782,4089,D.Carlson kicks 63 yards from OAK 35 to CIN 2. A.Erickson pushed ob at OAK 21 for 77 yards (E.Harris).,32,play_type_kickoff,4,0,0,2520,05:05,OAK 35,35,OAK,45,2018-12-16T20:59:20.000Z,true,false,false,false,false,23,16,right,APPROVED,23,16,true,,,
2018,REG,15,2018121606,1977,2250,JAX,57784,1977,"(:23) T.Way punts 52 yards to JAX 26, Center-A.East. D.Westbrook for 74 yards, TOUCHDOWN.",2,play_type_punt,2,4,6,5110,00:23,WAS 22,22,WAS,32,2018-12-16T19:21:28.000Z,true,false,true,false,false,9,3,right,APPROVED,3,3,true,,,
2018,REG,15,2018121607,1435,2700,MIA,57785,1435,"(7:53) (Shotgun) K.Cousins pass short left intended for S.Diggs INTERCEPTED by M.Fitzpatrick at 50. M.Fitzpatrick for 50 yards, TOUCHDOWN.",2,play_type_pass,2,3,15,3000,07:53,MIA 47,47,MIA,63,2018-12-16T18:59:52.000Z,false,false,true,false,false,21,6,right,APPROVED,21,0,true,,,
2018,REG,15,2018121607,2080,2700,MIA,57785,2080,"(15:00) K.Ballage right tackle for 75 yards, TOUCHDOWN.",2,play_type_rush,3,1,10,2700,15:00,MIA 25,25,MIA,85,2018-12-16T19:42:33.000Z,false,false,true,false,false,21,16,left,APPROVED,21,10,true,,,
2018,REG,15,2018121609,442,4500,SF,57787,442,"S.Janikowski kicks 62 yards from SEA 35 to SF 3. R.James for 97 yards, TOUCHDOWN.",32,play_type_kickoff,1,0,0,4600,09:27,SEA 35,35,SEA,45,2018-12-16T21:22:05.000Z,true,false,true,false,false,6,6,right,APPROVED,0,6,true,,,
2018,REG,15,2018121610,485,3200,NE,57788,485,"(6:58) T.Brady pass deep right to C.Hogan for 63 yards, TOUCHDOWN.",2,play_type_pass,1,1,10,3200,06:58,NE 37,37,NE,47,2018-12-16T21:40:27.000Z,false,false,true,false,false,7,6,right,APPROVED,7,0,true,,,
2018,REG,15,2018121700,610,0750,CAR,57790,610,"(4:12) C.Clark reported in as eligible.  C.McCaffrey pass short right to C.Manhertz for 50 yards, TOUCHDOWN.",2,play_type_pass,1,4,2,0750,04:12,50,,,60,2018-12-18T01:36:12.000Z,false,false,true,false,false,6,0,right,APPROVED,0,0,true,,,
2018,REG,15,2018121700,3239,0750,CAR,57790,3239,TWO-POINT CONVERSION ATTEMPT. D.Brees pass to M.Thomas is incomplete. ATTEMPT FAILS. DEFENSIVE TWO-POINT ATTEMPT. D.Jackson intercepted the try attempt. ATTEMPT SUCCEEDS.,26,play_type_two_point_conversion,4,0,0,3300,12:12,CAR 2,2,CAR,12,2018-12-18T03:38:43.000Z,false,false,false,false,false,9,12,left,APPROVED,9,12,false,,,
2018,REG,16,2018122200,3718,2100,TEN,57794,3718,"(:06) (Shotgun) J.Johnson pass deep left intended for J.Doctson INTERCEPTED by M.Butler at TEN 44. M.Butler for 56 yards, TOUCHDOWN.",2,play_type_pass,4,2,10,5110,00:06,WAS 15,15,WAS,95,2018-12-23T00:13:11.000Z,false,false,true,false,false,25,16,left,APPROVED,19,16,true,,,
2018,REG,16,2018122201,2372,0325,BAL,57792,2372,"(12:28) (Shotgun) L.Jackson pass deep left to M.Andrews for 68 yards, TOUCHDOWN.",2,play_type_pass,3,1,10,0325,12:28,BAL 32,32,BAL,78,2018-12-23T03:07:25.000Z,false,false,true,false,false,10,12,left,APPROVED,10,6,true,,,
2018,REG,16,2018122302,3260,2250,JAX,57793,3260,"(9:43) R.Tannehill pass short right intended for K.Ballage INTERCEPTED by Tel.Smith [C.Campbell] at MIA 33. Tel.Smith for 33 yards, TOUCHDOWN. PENALTY on JAX-Tel.Smith, Taunting, 15 yards, enforced between downs. Penalty on JAX-Y.Ngakoue, Unsportsmanlike Conduct, declined.",2,play_type_pass,4,1,15,2700,09:43,MIA 32,32,MIA,78,2018-12-23T20:29:42.000Z,false,true,true,false,false,7,16,left,APPROVED,7,10,false,,,
2018,REG,16,2018122304,2305,0200,ATL,57795,2305,"(15:00) (Shotgun) M.Ryan pass deep left to C.Ridley for 75 yards, TOUCHDOWN [M.Addison].",2,play_type_pass,3,1,10,0200,15:00,ATL 25,25,ATL,35,2018-12-23T19:42:28.000Z,false,false,true,false,false,10,16,right,APPROVED,10,10,true,,,
2018,REG,16,2018122305,1246,"",,57796,1246,"(8:45) J.Landry pass deep right to B.Perriman to CIN 7 for 63 yards (S.Williams, J.Bates). 6 B Mayfield handed off to 11 A Calloway who pitched to 80 J Landry",2,play_type_pass,2,1,10,1050,08:45,CLE 30,30,CLE,40,2018-12-23T18:54:06.000Z,false,false,false,false,false,7,0,right,APPROVED,7,0,true,,,
2018,REG,16,2018122305,3048,1050,CLE,57796,3048,(8:12) (Shotgun) B.Mayfield pass short left to J.Landry pushed ob at CIN 13 for 14 yards (W.Jackson).,2,play_type_pass,4,3,19,1050,08:12,CIN 27,27,CIN,37,2018-12-23T20:21:12.000Z,false,false,false,false,false,23,3,left,APPROVED,23,3,false,,,
2018,REG,16,2018122305,3615,1050,CLE,57796,3615,(2:01) (Shotgun) B.Mayfield pass short right to D.Njoku pushed ob at CIN 3 for 66 yards (H.Nickerson).,2,play_type_pass,4,2,4,1050,02:01,CLE 31,31,CLE,79,2018-12-23T20:42:31.000Z,false,false,false,false,false,26,18,left,APPROVED,26,18,true,,,
2018,REG,16,2018122307,2368,3000,MIN,57798,2368,"(:02) (Shotgun) K.Cousins pass deep right to K.Rudolph for 44 yards, TOUCHDOWN.",2,play_type_pass,2,3,2,3000,00:02,DET 44,44,DET,54,2018-12-23T19:31:41.000Z,false,false,true,false,false,9,13,left,APPROVED,9,7,true,,,
2018,REG,16,2018122310,436,3700,PHI,57801,436,"(6:42) (Shotgun) N.Foles pass short right to D.Sproles for 37 yards, TOUCHDOWN.",2,play_type_pass,1,4,2,3700,06:42,HOU 37,37,HOU,73,2018-12-23T18:14:00.000Z,false,false,true,false,false,6,0,right,APPROVED,0,0,true,,,
2018,REG,16,2018122310,3026,3700,PHI,57801,3026,"(2:32) (Shotgun) N.Foles pass deep middle to N.Agholor for 83 yards, TOUCHDOWN.",2,play_type_pass,3,1,10,3700,02:32,PHI 17,17,PHI,93,2018-12-23T20:11:24.000Z,false,false,true,false,false,22,16,left,APPROVED,16,16,true,,,
2018,REG,16,2018122310,4398,2120,HOU,57801,4398,"(2:11) (Shotgun) D.Watson pass deep left to V.Smith for 35 yards, TOUCHDOWN. The Replay Official reviewed the pass completion ruling, and the play was Upheld. The ruling on the field was confirmed.",2,play_type_pass,4,3,11,2120,02:11,PHI 35,35,PHI,45,2018-12-23T21:01:54.000Z,false,false,true,false,false,29,29,left,APPROVED,29,23,true,,,
2018,REG,16,2018122312,1530,0810,CHI,57803,1530,"(5:08) (Shotgun) M.Trubisky pass deep right to T.Mizzell ran ob at SF 49 for 26 yards. Penalty on SF-M.Harris, Defensive Holding, declined. Caught at SF 49.  0-YAC",2,play_type_pass,2,2,10,0810,05:08,CHI 25,25,CHI,85,2018-12-23T22:12:20.000Z,false,false,false,false,false,6,0,left,APPROVED,6,0,true,,,
2018,REG,16,2018122313,4377,3300,NO,57804,4377,"(1:28) (Shotgun) D.Brees pass short right to M.Thomas to PIT 1 for 1 yard (J.Haden). The Replay Official reviewed the short of the goal line ruling, and the play was REVERSED. (Shotgun) D.Brees pass short right to M.Thomas for 2 yards, TOUCHDOWN. Pass 2, YAC 0",2,play_type_pass,4,2,2,3300,01:28,PIT 2,2,PIT,108,2018-12-24T00:34:23.000Z,false,false,true,true,false,24,28,right,APPROVED,24,28,true,,,
2018,REG,16,2018122314,4063,2310,KC,57805,4063,"(4:43) (No Huddle, Shotgun) P.Mahomes pass short right to D.Robinson for 11 yards, TOUCHDOWN [D.Jordan].",2,play_type_pass,4,1,10,2310,04:43,SEA 11,11,SEA,99,2018-12-24T04:17:26.000Z,false,false,true,false,false,31,26,right,APPROVED,31,20,true,,,
2018,REG,16,2018122400,241,2520,OAK,57806,241,"(10:35) C.Wadman punts 65 yards to OAK 1, Center-C.Kreiter. D.Harris for 99 yards, TOUCHDOWN. The Replay Official reviewed the kick touched ruling, and the play was Upheld. The ruling on the field stands.",2,play_type_punt,1,4,12,1400,10:35,DEN 34,34,DEN,44,2018-12-25T01:21:31.000Z,true,false,true,false,false,6,0,right,APPROVED,0,0,true,,,
2018,REG,17,2018123000,764,0325,BAL,57807,764,"(4:52) (Shotgun) L.Jackson right guard for 25 yards, TOUCHDOWN.",2,play_type_rush,1,3,4,0325,04:52,CLE 25,25,CLE,85,2018-12-30T21:51:25.000Z,false,false,true,false,false,9,7,right,APPROVED,3,7,true,,,
2018,REG,17,2018123001,3552,0610,BUF,57808,3552,"(11:23) J.Allen scrambles right end for 30 yards, TOUCHDOWN.",2,play_type_rush,4,1,10,0610,11:23,MIA 30,30,MIA,80,2018-12-30T20:36:29.000Z,false,false,true,false,false,34,17,right,APPROVED,28,17,true,,,
2018,REG,17,2018123002,3560,1540,DET,57809,3560,"(6:59) (Shotgun) M.Stafford pass deep left to T.Jones for 23 yards, TOUCHDOWN.",2,play_type_pass,4,2,9,1540,06:59,GB 23,23,GB,87,2018-12-30T20:33:27.000Z,false,false,true,false,false,0,30,right,APPROVED,0,24,true,,,
2018,REG,17,2018123008,2138,3410,NYG,57815,2138,"(:22) (Shotgun) E.Manning pass deep left to C.Latimer for 21 yards, TOUCHDOWN.",2,play_type_pass,2,3,10,3410,00:22,DAL 21,21,DAL,89,2018-12-30T19:18:31.000Z,false,false,true,false,false,6,14,right,APPROVED,0,14,true,,,
2018,REG,17,2018123009,949,0920,CIN,57816,949,"(12:50) (No Huddle, Shotgun) B.Roethlisberger pass short middle intended for J.Smith-Schuster INTERCEPTED by S.Williams at CIN 42. S.Williams for 58 yards, TOUCHDOWN.",2,play_type_pass,2,2,6,3900,12:50,PIT 45,45,PIT,65,2018-12-30T22:07:32.000Z,false,false,true,false,false,0,6,left,APPROVED,0,0,true,,,
2018,REG,17,2018123009,3264,0920,CIN,57816,3264,(8:28) J.Mixon right guard pushed ob at PIT 15 for 51 yards (C.Sensabaugh).,2,play_type_rush,4,1,10,0920,08:28,CIN 34,34,CIN,76,2018-12-30T23:59:36.000Z,false,false,false,false,false,13,10,left,APPROVED,13,10,true,,,
2018,REG,17,2018123010,683,4900,TB,57817,683,"(3:53) (Shotgun) J.Winston pass deep right to M.Evans for 19 yards, TOUCHDOWN.",2,play_type_pass,1,2,8,4900,03:53,ATL 19,19,ATL,29,2018-12-30T18:24:49.000Z,false,false,true,false,false,6,0,left,APPROVED,0,0,true,,,
2018,REG,17,2018123013,1861,1400,DEN,57820,1861,(2:00) (Shotgun) C.Keenum pass deep middle to R.Cracraft to LAC 6 for 44 yards (J.Addae).,2,play_type_pass,2,1,10,1400,02:00,50,,,60,2018-12-30T22:40:48.000Z,false,false,false,false,false,0,7,left,APPROVED,0,7,true,,,
2018,REG,17,2018123015,322,3800,ARI,57822,322,(9:53) (Shotgun) R.Wilson pass short right intended for D.Moore INTERCEPTED by D.Amerson at ARZ 47. D.Amerson to SEA 28 for 25 yards (C.Carson).,2,play_type_pass,1,3,3,4600,09:53,ARI 49,49,ARI,59,2018-12-30T21:33:42.000Z,false,false,false,false,false,0,0,left,APPROVED,0,0,true,,,
2018,POST,18,2019010501,1774,1200,DAL,57824,1774,(1:11) E.Elliott right end ran ob at SEA 22 for 44 yards (J.Coleman).,2,play_type_rush,2,3,1,1200,01:11,DAL 34,34,DAL,44,2019-01-06T02:35:49.000Z,false,false,false,false,false,3,6,right,APPROVED,3,6,true,,,
2018,POST,18,2019010501,3071,1200,DAL,57824,3071,"(13:19) (No Huddle, Shotgun) D.Prescott left tackle for 10 yards, TOUCHDOWN. The Replay Official reviewed the runner broke the plane ruling, and the play was REVERSED. (No Huddle, Shotgun) D.Prescott left tackle to SEA 1 for 9 yards (B.McDougald).",2,play_type_rush,4,2,4,1200,13:19,SEA 10,10,SEA,100,2019-01-06T03:37:37.000Z,false,false,false,false,false,10,14,right,APPROVED,10,14,false,,,
2018,POST,18,2019010601,3542,0810,CHI,57826,3542,"(9:09) (Shotgun) M.Trubisky pass deep right to A.Robinson II for 22 yards, TOUCHDOWN. Penalty on PHI-A.Maddox, Defensive Pass Interference, declined.",2,play_type_pass,4,1,10,0810,09:09,PHI 22,22,PHI,32,2019-01-07T00:09:06.000Z,false,false,true,false,false,15,10,left,APPROVED,9,10,true,,,
2018,POST,19,2019011200,661,2310,KC,57827,661,"(6:39) T.Hill left end for 36 yards, TOUCHDOWN.",2,play_type_rush,1,1,10,2310,06:39,IND 36,36,IND,74,2019-01-12T21:59:17.000Z,false,false,true,false,false,13,0,right,APPROVED,7,0,true,,,
2018,POST,19,2019011200,1098,2310,KC,57827,1098,(14:55) (Shotgun) P.Mahomes pass short left to T.Kelce to IND 19 for 10 yards (J.Wilcox).,2,play_type_pass,2,3,8,2310,14:55,IND 29,29,IND,39,2019-01-12T22:19:38.000Z,false,false,false,false,false,14,0,left,APPROVED,14,0,false,,,
2018,POST,19,2019011201,531,1200,DAL,57828,531,"(6:10) (Shotgun) D.Prescott pass short middle to A.Cooper for 29 yards, TOUCHDOWN.",2,play_type_pass,1,1,10,1200,06:10,LA 29,29,LA,81,2019-01-13T01:32:54.000Z,false,false,true,false,false,3,6,right,APPROVED,3,0,true,,,
2018,POST,19,2019011201,1745,2510,LA,57828,1745,"(3:35) (No Huddle) T.Gurley right guard for 35 yards, TOUCHDOWN.",2,play_type_rush,2,1,10,2510,03:35,DAL 35,35,DAL,75,2019-01-13T02:23:57.000Z,false,false,true,false,false,19,7,right,APPROVED,13,7,true,,,
2018,POST,19,2019011201,2750,1200,DAL,57828,2750,"(6:27) (Shotgun) D.Prescott pass deep left to M.Gallup to LA 2 for 44 yards (L.Joyner). Los Angeles Rams challenged the pass completion ruling, and the play was Upheld. The ruling on the field stands. (Timeout #1.)",2,play_type_pass,3,1,20,1200,06:27,LA 46,46,LA,64,2019-01-13T03:11:20.000Z,false,false,false,false,false,23,7,right,APPROVED,23,7,true,,,
2018,POST,19,2019011300,1620,3200,NE,57829,1620,(7:20) S.Michel right tackle to LAC 9 for 40 yards (D.James).,2,play_type_rush,2,1,10,3200,07:20,LAC 49,49,LAC,59,2019-01-13T19:09:33.000Z,false,false,false,false,false,21,7,left,APPROVED,21,7,true,,,
2018,POST,19,2019011301,276,3700,PHI,57830,276,"(10:49) N.Foles pass deep left to J.Matthews for 37 yards, TOUCHDOWN [A.Okafor]. Pass 30, YAC 7",2,play_type_pass,1,2,2,3700,10:49,NO 37,37,NO,47,2019-01-13T21:46:48.000Z,false,false,true,false,false,0,6,left,APPROVED,0,0,true,,,
2018,POST,20,2019012000,906,3300,NO,57831,906,"(1:40) D.Brees pass short right to G.Griffin for 5 yards, TOUCHDOWN. Pass 5, YAC 0",2,play_type_pass,1,1,5,3300,01:40,LA 5,5,LA,15,2019-01-20T20:38:21.000Z,false,false,true,true,false,12,0,left,APPROVED,6,0,true,,,
2018,POST,20,2019012000,2070,2510,LA,57831,2070,"(:48) (Shotgun) J.Goff pass deep left to B.Cooks to NO 6 for 36 yards (P.Williams). Pass 31, YAC 5",2,play_type_pass,2,1,10,2510,00:48,NO 42,42,NO,52,2019-01-20T21:28:02.000Z,false,false,false,false,false,13,3,left,APPROVED,13,3,true,,,
2018,POST,20,2019012001,3661,2310,KC,57832,3661,"(3:35) S.Michel up the middle for 10 yards, TOUCHDOWN.",2,play_type_rush,4,4,1,3200,03:35,KC 10,10,KC,100,2019-01-21T02:28:33.000Z,false,false,true,false,false,21,23,right,APPROVED,21,17,true,,,
2018,POST,20,2019012001,4361,2310,KC,57832,4361,"(:23) (Shotgun) P.Mahomes pass deep left to D.Robinson to NE 21 for 27 yards (J.Jackson) [D.Hightower]. Penalty on NE-T.Flowers, Defensive Offside, declined.",2,play_type_pass,4,1,10,2310,00:23,NE 48,48,NE,58,2019-01-21T02:54:36.000Z,false,false,false,false,false,28,31,left,APPROVED,28,31,true,,,
2018,POST,22,2019020300,2816,3200,NE,57833,2816,(3:42) J.Goff pass incomplete deep middle to B.Cooks (J.McCourty).,2,play_type_pass,3,1,10,2510,03:42,NE 29,29,NE,81,2019-02-04T02:01:18.000Z,false,false,false,false,false,0,3,right,APPROVED,0,3,false,,,
2018,POST,22,2019020300,3556,3200,NE,57833,3556,(7:43) (Shotgun) T.Brady pass deep left to R.Gronkowski to LA 2 for 29 yards (C.Littleton).,2,play_type_pass,4,2,3,3200,07:43,LA 31,31,LA,79,2019-02-04T02:31:41.000Z,false,false,false,false,false,3,3,right,APPROVED,3,3,true,,,
