season,season_type,week,game_id,game_key,game_date,home_team_id,home_team_abbr,visitor_team_id,visitor_team_abbr,side,rank,pass_yards,attempts,completions,interceptions,touchdowns
2010,PRE,0,2010080851,55073,08/08/2010,0920,CIN,1200,DAL,home,1,0,0,0,0,0
2010,PRE,0,2010080851,55073,08/08/2010,0920,CIN,1200,DAL,visitor,1,0,0,0,0,0
2010,PRE,1,2010081251,55074,08/12/2010,0325,BAL,0750,CAR,home,1,0,0,0,0,0
2010,PRE,1,2010081251,55074,08/12/2010,0325,BAL,0750,CAR,visitor,1,0,0,0,0,0
2010,PRE,1,2010081252,55075,08/12/2010,3200,NE,3300,NO,home,1,0,0,0,0,0
2010,PRE,1,2010081252,55075,08/12/2010,3200,NE,3300,NO,visitor,1,0,0,0,0,0
2010,PRE,1,2010081253,55076,08/12/2010,1200,DAL,2520,OAK,home,1,0,0,0,0,0
2010,PRE,1,2010081253,55076,08/12/2010,1200,DAL,2520,OAK,visitor,1,0,0,0,0,0
2010,PRE,1,2010081351,55077,08/13/2010,5110,WAS,0610,BUF,home,1,0,0,0,0,0
2010,PRE,1,2010081351,55077,08/13/2010,5110,WAS,0610,BUF,visitor,1,0,0,0,0,0
2010,PRE,1,2010081352,55078,08/13/2010,3700,PHI,2250,JAX,home,1,0,0,0,0,0
2010,PRE,1,2010081352,55078,08/13/2010,3700,PHI,2250,JAX,visitor,1,0,0,0,0,0
2010,PRE,1,2010081353,55079,08/13/2010,0200,ATL,2310,KC,home,1,0,0,0,0,0
2010,PRE,1,2010081353,55079,08/13/2010,0200,ATL,2310,KC,visitor,1,0,0,0,0,0
2010,PRE,1,2010081451,55080,08/14/2010,2700,MIA,4900,TB,home,1,0,0,0,0,0
2010,PRE,1,2010081451,55080,08/14/2010,2700,MIA,4900,TB,visitor,1,0,0,0,0,0
2010,PRE,1,2010081452,55081,08/14/2010,3900,PIT,1540,DET,home,1,0,0,0,0,0
2010,PRE,1,2010081452,55081,08/14/2010,3900,PIT,1540,DET,visitor,1,0,0,0,0,0
2010,PRE,1,2010081453,55082,08/14/2010,1800,GB,1050,CLE,home,1,0,0,0,0,0
2010,PRE,1,2010081453,55082,08/14/2010,1800,GB,1050,CLE,visitor,1,0,0,0,0,0
2010,PRE,1,2010081454,55083,08/14/2010,3800,ARI,2120,HOU,home,1,0,0,0,0,0
2010,PRE,1,2010081454,55083,08/14/2010,3800,ARI,2120,HOU,visitor,1,0,0,0,0,0
2010,PRE,1,2010081455,55084,08/14/2010,2510,STL,3000,MIN,home,1,0,0,0,0,0
2010,PRE,1,2010081455,55084,08/14/2010,2510,STL,3000,MIN,visitor,1,0,0,0,0,0
2010,PRE,1,2010081456,55085,08/14/2010,4400,SD,0810,CHI,home,1,0,0,0,0,0
2010,PRE,1,2010081456,55085,08/14/2010,4400,SD,0810,CHI,visitor,1,0,0,0,0,0
2010,PRE,1,2010081457,55086,08/14/2010,4600,SEA,2100,TEN,home,1,0,0,0,0,0
2010,PRE,1,2010081457,55086,08/14/2010,4600,SEA,2100,TEN,visitor,1,0,0,0,0,0
2010,PRE,1,2010081551,55087,08/15/2010,2200,IND,4500,SF,home,1,0,0,0,0,0
2010,PRE,1,2010081551,55087,08/15/2010,2200,IND,4500,SF,visitor,1,0,0,0,0,0
2010,PRE,1,2010081552,55088,08/15/2010,0920,CIN,1400,DEN,home,1,0,0,0,0,0
2010,PRE,1,2010081552,55088,08/15/2010,0920,CIN,1400,DEN,visitor,1,0,0,0,0,0
2010,PRE,1,2010081651,55089,08/16/2010,3430,NYJ,3410,NYG,home,1,0,0,0,0,0
2010,PRE,1,2010081651,55089,08/16/2010,3430,NYJ,3410,NYG,visitor,1,0,0,0,0,0
2010,PRE,2,2010081951,55090,08/19/2010,0200,ATL,3200,NE,home,1,0,0,0,0,0
2010,PRE,2,2010081951,55090,08/19/2010,0200,ATL,3200,NE,visitor,1,0,0,0,0,0
2010,PRE,2,2010081952,55091,08/19/2010,0610,BUF,2200,IND,home,1,0,0,0,0,0
2010,PRE,2,2010081952,55091,08/19/2010,0610,BUF,2200,IND,visitor,1,0,0,0,0,0
2010,PRE,2,2010082051,55092,08/20/2010,0920,CIN,3700,PHI,home,1,0,0,0,0,0
2010,PRE,2,2010082051,55092,08/20/2010,0920,CIN,3700,PHI,visitor,1,0,0,0,0,0
2010,PRE,2,2010082151,55093,08/21/2010,5110,WAS,0325,BAL,home,1,0,0,0,0,0
2010,PRE,2,2010082151,55093,08/21/2010,5110,WAS,0325,BAL,visitor,1,0,0,0,0,0
2010,PRE,2,2010082152,55094,08/21/2010,3410,NYG,3900,PIT,home,1,0,0,0,0,0
2010,PRE,2,2010082152,55094,08/21/2010,3410,NYG,3900,PIT,visitor,1,0,0,0,0,0
2010,PRE,2,2010082153,55095,08/21/2010,4900,TB,2310,KC,home,1,0,0,0,0,0
2010,PRE,2,2010082153,55095,08/21/2010,4900,TB,2310,KC,visitor,1,0,0,0,0,0
2010,PRE,2,2010082154,55096,08/21/2010,2250,JAX,2700,MIA,home,1,0,0,0,0,0
2010,PRE,2,2010082154,55096,08/21/2010,2250,JAX,2700,MIA,visitor,1,0,0,0,0,0
2010,PRE,2,2010082155,55097,08/21/2010,1050,CLE,2510,STL,home,1,0,0,0,0,0
2010,PRE,2,2010082155,55097,08/21/2010,1050,CLE,2510,STL,visitor,1,0,0,0,0,0
2010,PRE,2,2010082156,55098,08/21/2010,3300,NO,2120,HOU,home,1,0,0,0,0,0
2010,PRE,2,2010082156,55098,08/21/2010,3300,NO,2120,HOU,visitor,1,0,0,0,0,0
2010,PRE,2,2010082157,55099,08/21/2010,0750,CAR,3430,NYJ,home,1,0,0,0,0,0
2010,PRE,2,2010082157,55099,08/21/2010,0750,CAR,3430,NYJ,visitor,1,0,0,0,0,0
2010,PRE,2,2010082158,55100,08/21/2010,0810,CHI,2520,OAK,home,1,0,0,0,0,0
2010,PRE,2,2010082158,55100,08/21/2010,0810,CHI,2520,OAK,visitor,1,0,0,0,0,0
2010,PRE,2,2010082159,55101,08/21/2010,4400,SD,1200,DAL,home,1,0,0,0,0,0
2010,PRE,2,2010082159,55101,08/21/2010,4400,SD,1200,DAL,visitor,1,0,0,0,0,0
2010,PRE,2,2010082160,55102,08/21/2010,1400,DEN,1540,DET,home,1,0,0,0,0,0
2010,PRE,2,2010082160,55102,08/21/2010,1400,DEN,1540,DET,visitor,1,0,0,0,0,0
2010,PRE,2,2010082161,55103,08/21/2010,4600,SEA,1800,GB,home,1,0,0,0,0,0
2010,PRE,2,2010082161,55103,08/21/2010,4600,SEA,1800,GB,visitor,1,0,0,0,0,0
2010,PRE,2,2010082251,55104,08/22/2010,4500,SF,3000,MIN,home,1,0,0,0,0,0
2010,PRE,2,2010082251,55104,08/22/2010,4500,SF,3000,MIN,visitor,1,0,0,0,0,0
2010,PRE,2,2010082351,55105,08/23/2010,2100,TEN,3800,ARI,home,1,0,0,0,0,0
2010,PRE,2,2010082351,55105,08/23/2010,2100,TEN,3800,ARI,visitor,1,0,0,0,0,0
2010,PRE,3,2010082651,55106,08/26/2010,1800,GB,2200,IND,home,1,0,0,0,0,0
2010,PRE,3,2010082651,55106,08/26/2010,1800,GB,2200,IND,visitor,1,0,0,0,0,0
2010,PRE,3,2010082652,55107,08/26/2010,3200,NE,2510,STL,home,1,0,0,0,0,0
2010,PRE,3,2010082652,55107,08/26/2010,3200,NE,2510,STL,visitor,1,0,0,0,0,0
2010,PRE,3,2010082751,55108,08/27/2010,3300,NO,4400,SD,home,1,0,0,0,0,0
2010,PRE,3,2010082751,55108,08/27/2010,3300,NO,4400,SD,visitor,1,0,0,0,0,0
2010,PRE,3,2010082752,55109,08/27/2010,2700,MIA,0200,ATL,home,1,0,0,0,0,0
2010,PRE,3,2010082752,55109,08/27/2010,2700,MIA,0200,ATL,visitor,1,0,0,0,0,0
2010,PRE,3,2010082753,55110,08/27/2010,3430,NYJ,5110,WAS,home,1,0,0,0,0,0
2010,PRE,3,2010082753,55110,08/27/2010,3430,NYJ,5110,WAS,visitor,1,0,0,0,0,0
2010,PRE,3,2010082754,55111,08/27/2010,2310,KC,3700,PHI,home,1,0,0,0,0,0
2010,PRE,3,2010082754,55111,08/27/2010,2310,KC,3700,PHI,visitor,1,0,0,0,0,0
2010,PRE,3,2010082851,55112,08/28/2010,2120,HOU,1200,DAL,home,1,0,0,0,0,0
2010,PRE,3,2010082851,55112,08/28/2010,2120,HOU,1200,DAL,visitor,1,0,0,0,0,0
2010,PRE,3,2010082852,55113,08/28/2010,1540,DET,1050,CLE,home,1,0,0,0,0,0
2010,PRE,3,2010082852,55113,08/28/2010,1540,DET,1050,CLE,visitor,1,0,0,0,0,0
2010,PRE,3,2010082853,55114,08/28/2010,0610,BUF,0920,CIN,home,1,0,0,0,0,0
2010,PRE,3,2010082853,55114,08/28/2010,0610,BUF,0920,CIN,visitor,1,0,0,0,0,0
2010,PRE,3,2010082854,55115,08/28/2010,4900,TB,2250,JAX,home,1,0,0,0,0,0
2010,PRE,3,2010082854,55115,08/28/2010,4900,TB,2250,JAX,visitor,1,0,0,0,0,0
2010,PRE,3,2010082855,55116,08/28/2010,0325,BAL,3410,NYG,home,1,0,0,0,0,0
2010,PRE,3,2010082855,55116,08/28/2010,0325,BAL,3410,NYG,visitor,1,0,0,0,0,0
2010,PRE,3,2010082856,55117,08/28/2010,3000,MIN,4600,SEA,home,1,0,0,0,0,0
2010,PRE,3,2010082856,55117,08/28/2010,3000,MIN,4600,SEA,visitor,1,0,0,0,0,0
2010,PRE,3,2010082857,55118,08/28/2010,0750,CAR,2100,TEN,home,1,0,0,0,0,0
2010,PRE,3,2010082857,55118,08/28/2010,0750,CAR,2100,TEN,visitor,1,0,0,0,0,0
2010,PRE,3,2010082858,55119,08/28/2010,0810,CHI,3800,ARI,home,1,0,0,0,0,0
2010,PRE,3,2010082858,55119,08/28/2010,0810,CHI,3800,ARI,visitor,1,0,0,0,0,0
2010,PRE,3,2010082859,55120,08/28/2010,2520,OAK,4500,SF,home,1,0,0,0,0,0
2010,PRE,3,2010082859,55120,08/28/2010,2520,OAK,4500,SF,visitor,1,0,0,0,0,0
2010,PRE,3,2010082951,55121,08/29/2010,1400,DEN,3900,PIT,home,1,0,0,0,0,0
2010,PRE,3,2010082951,55121,08/29/2010,1400,DEN,3900,PIT,visitor,1,0,0,0,0,0
2010,PRE,4,2010090251,55122,09/02/2010,1540,DET,0610,BUF,home,1,0,0,0,0,0
2010,PRE,4,2010090251,55122,09/02/2010,1540,DET,0610,BUF,visitor,1,0,0,0,0,0
2010,PRE,4,2010090252,55123,09/02/2010,2200,IND,0920,CIN,home,1,0,0,0,0,0
2010,PRE,4,2010090252,55123,09/02/2010,2200,IND,0920,CIN,visitor,1,0,0,0,0,0
2010,PRE,4,2010090253,55124,09/02/2010,3410,NYG,3200,NE,home,1,0,0,0,0,0
2010,PRE,4,2010090253,55124,09/02/2010,3410,NYG,3200,NE,visitor,1,0,0,0,0,0
2010,PRE,4,2010090254,55125,09/02/2010,2250,JAX,0200,ATL,home,1,0,0,0,0,0
2010,PRE,4,2010090254,55125,09/02/2010,2250,JAX,0200,ATL,visitor,1,0,0,0,0,0
2010,PRE,4,2010090255,55126,09/02/2010,3900,PIT,0750,CAR,home,1,0,0,0,0,0
2010,PRE,4,2010090255,55126,09/02/2010,3900,PIT,0750,CAR,visitor,1,0,0,0,0,0
2010,PRE,4,2010090256,55127,09/02/2010,3700,PHI,3430,NYJ,home,1,0,0,0,0,0
2010,PRE,4,2010090256,55127,09/02/2010,3700,PHI,3430,NYJ,visitor,1,0,0,0,0,0
2010,PRE,4,2010090257,55128,09/02/2010,2510,STL,0325,BAL,home,1,0,0,0,0,0
2010,PRE,4,2010090257,55128,09/02/2010,2510,STL,0325,BAL,visitor,1,0,0,0,0,0
2010,PRE,4,2010090258,55129,09/02/2010,1050,CLE,0810,CHI,home,1,0,0,0,0,0
2010,PRE,4,2010090258,55129,09/02/2010,1050,CLE,0810,CHI,visitor,1,0,0,0,0,0
2010,PRE,4,2010090259,55130,09/02/2010,3000,MIN,1400,DEN,home,1,0,0,0,0,0
2010,PRE,4,2010090259,55130,09/02/2010,3000,MIN,1400,DEN,visitor,1,0,0,0,0,0
2010,PRE,4,2010090260,55131,09/02/2010,2310,KC,1800,GB,home,1,0,0,0,0,0
2010,PRE,4,2010090260,55131,09/02/2010,2310,KC,1800,GB,visitor,1,0,0,0,0,0
2010,PRE,4,2010090261,55132,09/02/2010,1200,DAL,2700,MIA,home,1,0,0,0,0,0
2010,PRE,4,2010090261,55132,09/02/2010,1200,DAL,2700,MIA,visitor,1,0,0,0,0,0
2010,PRE,4,2010090262,55133,09/02/2010,2100,TEN,3300,NO,home,1,0,0,0,0,0
2010,PRE,4,2010090262,55133,09/02/2010,2100,TEN,3300,NO,visitor,1,0,0,0,0,0
2010,PRE,4,2010090263,55134,09/02/2010,2120,HOU,4900,TB,home,1,0,0,0,0,0
2010,PRE,4,2010090263,55134,09/02/2010,2120,HOU,4900,TB,visitor,1,0,0,0,0,0
2010,PRE,4,2010090264,55135,09/02/2010,4500,SF,4400,SD,home,1,0,0,0,0,0
2010,PRE,4,2010090264,55135,09/02/2010,4500,SF,4400,SD,visitor,1,0,0,0,0,0
2010,PRE,4,2010090265,55136,09/02/2010,2520,OAK,4600,SEA,home,1,0,0,0,0,0
2010,PRE,4,2010090265,55136,09/02/2010,2520,OAK,4600,SEA,visitor,1,0,0,0,0,0
2010,PRE,4,2010090266,55137,09/02/2010,3800,ARI,5110,WAS,home,1,0,0,0,0,0
2010,PRE,4,2010090266,55137,09/02/2010,3800,ARI,5110,WAS,visitor,1,0,0,0,0,0
2010,REG,1,2010090900,54863,09/09/2010,3300,NO,3000,MIN,home,1,0,0,0,0,0
2010,REG,1,2010090900,54863,09/09/2010,3300,NO,3000,MIN,visitor,1,0,0,0,0,0
2010,REG,1,2010091200,54871,09/12/2010,4900,TB,1050,CLE,home,1,0,0,0,0,0
2010,REG,1,2010091200,54871,09/12/2010,4900,TB,1050,CLE,visitor,1,0,0,0,0,0
2010,REG,1,2010091201,54864,09/12/2010,0610,BUF,2700,MIA,home,1,0,0,0,0,0
2010,REG,1,2010091201,54864,09/12/2010,0610,BUF,2700,MIA,visitor,1,0,0,0,0,0
2010,REG,1,2010091202,54868,09/12/2010,3200,NE,0920,CIN,home,1,0,0,0,0,0
2010,REG,1,2010091202,54868,09/12/2010,3200,NE,0920,CIN,visitor,1,0,0,0,0,0
2010,REG,1,2010091203,54866,09/12/2010,2120,HOU,2200,IND,home,1,0,0,0,0,0
2010,REG,1,2010091203,54866,09/12/2010,2120,HOU,2200,IND,visitor,1,0,0,0,0,0
2010,REG,1,2010091204,54867,09/12/2010,2250,JAX,1400,DEN,home,1,0,0,0,0,0
2010,REG,1,2010091204,54867,09/12/2010,2250,JAX,1400,DEN,visitor,1,0,0,0,0,0
2010,REG,1,2010091205,54872,09/12/2010,2100,TEN,2520,OAK,home,1,0,0,0,0,0
2010,REG,1,2010091205,54872,09/12/2010,2100,TEN,2520,OAK,visitor,1,0,0,0,0,0
2010,REG,1,2010091206,54869,09/12/2010,3410,NYG,0750,CAR,home,1,0,0,0,0,0
2010,REG,1,2010091206,54869,09/12/2010,3410,NYG,0750,CAR,visitor,1,0,0,0,0,0
2010,REG,1,2010091207,54865,09/12/2010,0810,CHI,1540,DET,home,1,0,0,0,0,0
2010,REG,1,2010091207,54865,09/12/2010,0810,CHI,1540,DET,visitor,1,0,0,0,0,0
2010,REG,1,2010091208,54874,09/12/2010,2510,STL,3800,ARI,home,1,0,0,0,0,0
2010,REG,1,2010091208,54874,09/12/2010,2510,STL,3800,ARI,visitor,1,0,0,0,0,0
2010,REG,1,2010091210,54873,09/12/2010,3700,PHI,1800,GB,home,1,0,0,0,0,0
2010,REG,1,2010091210,54873,09/12/2010,3700,PHI,1800,GB,visitor,1,0,0,0,0,0
2010,REG,1,2010091211,54875,09/12/2010,4600,SEA,4500,SF,home,1,0,0,0,0,0
2010,REG,1,2010091211,54875,09/12/2010,4600,SEA,4500,SF,visitor,1,0,0,0,0,0
2010,REG,1,2010091212,54876,09/12/2010,5110,WAS,1200,DAL,home,1,0,0,0,0,0
2010,REG,1,2010091212,54876,09/12/2010,5110,WAS,1200,DAL,visitor,1,0,0,0,0,0
2010,REG,1,2010091300,54877,09/13/2010,3430,NYJ,0325,BAL,home,1,0,0,0,0,0
2010,REG,1,2010091300,54877,09/13/2010,3430,NYJ,0325,BAL,visitor,1,0,0,0,0,0
2010,REG,1,2010091301,54878,09/13/2010,2310,KC,4400,SD,home,1,0,0,0,0,0
2010,REG,1,2010091301,54878,09/13/2010,2310,KC,4400,SD,visitor,1,0,0,0,0,0
2010,REG,2,2010091901,54885,09/19/2010,1800,GB,0610,BUF,home,1,0,0,0,0,0
2010,REG,2,2010091901,54885,09/19/2010,1800,GB,0610,BUF,visitor,1,0,0,0,0,0
2010,REG,2,2010091902,54886,09/19/2010,3000,MIN,2700,MIA,home,1,0,0,0,0,0
2010,REG,2,2010091902,54886,09/19/2010,3000,MIN,2700,MIA,visitor,1,0,0,0,0,0
2010,REG,2,2010091903,54882,09/19/2010,1050,CLE,2310,KC,home,1,0,0,0,0,0
2010,REG,2,2010091903,54882,09/19/2010,1050,CLE,2310,KC,visitor,1,0,0,0,0,0
2010,REG,2,2010091904,54887,09/19/2010,2100,TEN,3900,PIT,home,1,0,0,0,0,0
2010,REG,2,2010091904,54887,09/19/2010,2100,TEN,3900,PIT,visitor,1,0,0,0,0,0
2010,REG,2,2010091905,54883,09/19/2010,1200,DAL,0810,CHI,home,1,0,0,0,0,0
2010,REG,2,2010091905,54883,09/19/2010,1200,DAL,0810,CHI,visitor,1,0,0,0,0,0
2010,REG,2,2010091906,54884,09/19/2010,1540,DET,3700,PHI,home,1,0,0,0,0,0
2010,REG,2,2010091906,54884,09/19/2010,1540,DET,3700,PHI,visitor,1,0,0,0,0,0
2010,REG,2,2010091907,54879,09/19/2010,0200,ATL,3800,ARI,home,1,0,0,0,0,0
2010,REG,2,2010091907,54879,09/19/2010,0200,ATL,3800,ARI,visitor,1,0,0,0,0,0
2010,REG,2,2010091908,54880,09/19/2010,0750,CAR,4900,TB,home,1,0,0,0,0,0
2010,REG,2,2010091908,54880,09/19/2010,0750,CAR,4900,TB,visitor,1,0,0,0,0,0
2010,REG,2,2010091909,54888,09/19/2010,1400,DEN,4600,SEA,home,1,0,0,0,0,0
2010,REG,2,2010091909,54888,09/19/2010,1400,DEN,4600,SEA,visitor,1,0,0,0,0,0
2010,REG,2,2010091910,54889,09/19/2010,2520,OAK,2510,STL,home,1,0,0,0,0,0
2010,REG,2,2010091910,54889,09/19/2010,2520,OAK,2510,STL,visitor,1,0,0,0,0,0
2010,REG,2,2010091911,54890,09/19/2010,3430,NYJ,3200,NE,home,1,0,0,0,0,0
2010,REG,2,2010091911,54890,09/19/2010,3430,NYJ,3200,NE,visitor,1,0,0,0,0,0
2010,REG,2,2010091912,54881,09/19/2010,0920,CIN,0325,BAL,home,1,0,0,0,0,0
2010,REG,2,2010091912,54881,09/19/2010,0920,CIN,0325,BAL,visitor,1,0,0,0,0,0
2010,REG,2,2010091913,54891,09/19/2010,4400,SD,2250,JAX,home,1,0,0,0,0,0
2010,REG,2,2010091913,54891,09/19/2010,4400,SD,2250,JAX,visitor,1,0,0,0,0,0
2010,REG,2,2010091914,54893,09/19/2010,2200,IND,3410,NYG,home,1,0,0,0,0,0
2010,REG,2,2010091914,54893,09/19/2010,2200,IND,3410,NYG,visitor,1,0,0,0,0,0
2010,REG,2,2010092000,54894,09/20/2010,4500,SF,3300,NO,home,1,0,0,0,0,0
2010,REG,2,2010092000,54894,09/20/2010,4500,SF,3300,NO,visitor,1,0,0,0,0,0
2010,REG,3,2010092600,54902,09/26/2010,3410,NYG,2100,TEN,home,1,0,0,0,0,0
2010,REG,3,2010092600,54902,09/26/2010,3410,NYG,2100,TEN,visitor,1,0,0,0,0,0
2010,REG,3,2010092601,54896,09/26/2010,0750,CAR,0920,CIN,home,1,0,0,0,0,0
2010,REG,3,2010092601,54896,09/26/2010,0750,CAR,0920,CIN,visitor,1,0,0,0,0,0
2010,REG,3,2010092602,54903,09/26/2010,4900,TB,3900,PIT,home,1,0,0,0,0,0
2010,REG,3,2010092602,54903,09/26/2010,4900,TB,3900,PIT,visitor,1,0,0,0,0,0
2010,REG,3,2010092603,54900,09/26/2010,3200,NE,0610,BUF,home,1,0,0,0,0,0
2010,REG,3,2010092603,54900,09/26/2010,3200,NE,0610,BUF,visitor,1,0,0,0,0,0
2010,REG,3,2010092604,54895,09/26/2010,0325,BAL,1050,CLE,home,1,0,0,0,0,0
2010,REG,3,2010092604,54895,09/26/2010,0325,BAL,1050,CLE,visitor,1,0,0,0,0,0
2010,REG,3,2010092605,54899,09/26/2010,3000,MIN,1540,DET,home,1,0,0,0,0,0
2010,REG,3,2010092605,54899,09/26/2010,3000,MIN,1540,DET,visitor,1,0,0,0,0,0
2010,REG,3,2010092607,54905,09/26/2010,2510,STL,5110,WAS,home,1,0,0,0,0,0
2010,REG,3,2010092607,54905,09/26/2010,2510,STL,5110,WAS,visitor,1,0,0,0,0,0
2010,REG,3,2010092608,54897,09/26/2010,2120,HOU,1200,DAL,home,1,0,0,0,0,0
2010,REG,3,2010092608,54897,09/26/2010,2120,HOU,1200,DAL,visitor,1,0,0,0,0,0
2010,REG,3,2010092609,54898,09/26/2010,2310,KC,4500,SF,home,1,0,0,0,0,0
2010,REG,3,2010092609,54898,09/26/2010,2310,KC,4500,SF,visitor,1,0,0,0,0,0
2010,REG,3,2010092610,54904,09/26/2010,2250,JAX,3700,PHI,home,1,0,0,0,0,0
2010,REG,3,2010092610,54904,09/26/2010,2250,JAX,3700,PHI,visitor,1,0,0,0,0,0
2010,REG,3,2010092611,54907,09/26/2010,1400,DEN,2200,IND,home,1,0,0,0,0,0
2010,REG,3,2010092611,54907,09/26/2010,1400,DEN,2200,IND,visitor,1,0,0,0,0,0
2010,REG,3,2010092612,54906,09/26/2010,3800,ARI,2520,OAK,home,1,0,0,0,0,0
2010,REG,3,2010092612,54906,09/26/2010,3800,ARI,2520,OAK,visitor,1,0,0,0,0,0
2010,REG,3,2010092613,54908,09/26/2010,4600,SEA,4400,SD,home,1,0,0,0,0,0
2010,REG,3,2010092613,54908,09/26/2010,4600,SEA,4400,SD,visitor,1,0,0,0,0,0
2010,REG,3,2010092614,54909,09/26/2010,2700,MIA,3430,NYJ,home,1,0,0,0,0,0
2010,REG,3,2010092614,54909,09/26/2010,2700,MIA,3430,NYJ,visitor,1,0,0,0,0,0
2010,REG,3,2010092700,54910,09/27/2010,0810,CHI,1800,GB,home,1,0,0,0,0,0
2010,REG,3,2010092700,54910,09/27/2010,0810,CHI,1800,GB,visitor,1,0,0,0,0,0
2010,REG,4,2010100300,54912,10/03/2010,0610,BUF,3430,NYJ,home,1,0,0,0,0,0
2010,REG,4,2010100300,54912,10/03/2010,0610,BUF,3430,NYJ,visitor,1,0,0,0,0,0
2010,REG,4,2010100301,54913,10/03/2010,1050,CLE,0920,CIN,home,1,0,0,0,0,0
2010,REG,4,2010100301,54913,10/03/2010,1050,CLE,0920,CIN,visitor,1,0,0,0,0,0
2010,REG,4,2010100302,54916,10/03/2010,3900,PIT,0325,BAL,home,1,0,0,0,0,0
2010,REG,4,2010100302,54916,10/03/2010,3900,PIT,0325,BAL,visitor,1,0,0,0,0,0
2010,REG,4,2010100303,54918,10/03/2010,2100,TEN,1400,DEN,home,1,0,0,0,0,0
2010,REG,4,2010100303,54918,10/03/2010,2100,TEN,1400,DEN,visitor,1,0,0,0,0,0
2010,REG,4,2010100304,54914,10/03/2010,1800,GB,1540,DET,home,1,0,0,0,0,0
2010,REG,4,2010100304,54914,10/03/2010,1800,GB,1540,DET,visitor,1,0,0,0,0,0
2010,REG,4,2010100305,54911,10/03/2010,0200,ATL,4500,SF,home,1,0,0,0,0,0
2010,REG,4,2010100305,54911,10/03/2010,0200,ATL,4500,SF,visitor,1,0,0,0,0,0
2010,REG,4,2010100306,54915,10/03/2010,3300,NO,0750,CAR,home,1,0,0,0,0,0
2010,REG,4,2010100306,54915,10/03/2010,3300,NO,0750,CAR,visitor,1,0,0,0,0,0
2010,REG,4,2010100307,54917,10/03/2010,2510,STL,4600,SEA,home,1,0,0,0,0,0
2010,REG,4,2010100307,54917,10/03/2010,2510,STL,4600,SEA,visitor,1,0,0,0,0,0
2010,REG,4,2010100308,54919,10/03/2010,2250,JAX,2200,IND,home,1,0,0,0,0,0
2010,REG,4,2010100308,54919,10/03/2010,2250,JAX,2200,IND,visitor,1,0,0,0,0,0
2010,REG,4,2010100309,54920,10/03/2010,2520,OAK,2120,HOU,home,1,0,0,0,0,0
2010,REG,4,2010100309,54920,10/03/2010,2520,OAK,2120,HOU,visitor,1,0,0,0,0,0
2010,REG,4,2010100310,54921,10/03/2010,3700,PHI,5110,WAS,home,1,0,0,0,0,0
2010,REG,4,2010100310,54921,10/03/2010,3700,PHI,5110,WAS,visitor,1,0,0,0,0,0
2010,REG,4,2010100311,54922,10/03/2010,4400,SD,3800,ARI,home,1,0,0,0,0,0
2010,REG,4,2010100311,54922,10/03/2010,4400,SD,3800,ARI,visitor,1,0,0,0,0,0
2010,REG,4,2010100312,54923,10/03/2010,3410,NYG,0810,CHI,home,1,0,0,0,0,0
2010,REG,4,2010100312,54923,10/03/2010,3410,NYG,0810,CHI,visitor,1,0,0,0,0,0
2010,REG,4,2010100400,54924,10/04/2010,2700,MIA,3200,NE,home,1,0,0,0,0,0
2010,REG,4,2010100400,54924,10/04/2010,2700,MIA,3200,NE,visitor,1,0,0,0,0,0
2010,REG,5,2010101000,54926,10/10/2010,0610,BUF,2250,JAX,home,1,0,0,0,0,0
2010,REG,5,2010101000,54926,10/10/2010,0610,BUF,2250,JAX,visitor,1,0,0,0,0,0
2010,REG,5,2010101001,54925,10/10/2010,0325,BAL,1400,DEN,home,1,0,0,0,0,0
2010,REG,5,2010101001,54925,10/10/2010,0325,BAL,1400,DEN,visitor,1,0,0,0,0,0
2010,REG,5,2010101002,54931,10/10/2010,2200,IND,2310,KC,home,1,0,0,0,0,0
2010,REG,5,2010101002,54931,10/10/2010,2200,IND,2310,KC,visitor,1,0,0,0,0,0
2010,REG,5,2010101004,54930,10/10/2010,1540,DET,2510,STL,home,1,0,0,0,0,0
2010,REG,5,2010101004,54930,10/10/2010,1540,DET,2510,STL,visitor,1,0,0,0,0,0
2010,REG,5,2010101005,54927,10/10/2010,0750,CAR,0810,CHI,home,1,0,0,0,0,0
2010,REG,5,2010101005,54927,10/10/2010,0750,CAR,0810,CHI,visitor,1,0,0,0,0,0
2010,REG,5,2010101006,54928,10/10/2010,0920,CIN,4900,TB,home,1,0,0,0,0,0
2010,REG,5,2010101006,54928,10/10/2010,0920,CIN,4900,TB,visitor,1,0,0,0,0,0
2010,REG,5,2010101007,54929,10/10/2010,1050,CLE,0200,ATL,home,1,0,0,0,0,0
2010,REG,5,2010101007,54929,10/10/2010,1050,CLE,0200,ATL,visitor,1,0,0,0,0,0
2010,REG,5,2010101008,54932,10/10/2010,2120,HOU,3410,NYG,home,1,0,0,0,0,0
2010,REG,5,2010101008,54932,10/10/2010,2120,HOU,3410,NYG,visitor,1,0,0,0,0,0
2010,REG,5,2010101009,54934,10/10/2010,3800,ARI,3300,NO,home,1,0,0,0,0,0
2010,REG,5,2010101009,54934,10/10/2010,3800,ARI,3300,NO,visitor,1,0,0,0,0,0
2010,REG,5,2010101010,54935,10/10/2010,1200,DAL,2100,TEN,home,1,0,0,0,0,0
2010,REG,5,2010101010,54935,10/10/2010,1200,DAL,2100,TEN,visitor,1,0,0,0,0,0
2010,REG,5,2010101011,54936,10/10/2010,2520,OAK,4400,SD,home,1,0,0,0,0,0
2010,REG,5,2010101011,54936,10/10/2010,2520,OAK,4400,SD,visitor,1,0,0,0,0,0
2010,REG,5,2010101012,54937,10/10/2010,4500,SF,3700,PHI,home,1,0,0,0,0,0
2010,REG,5,2010101012,54937,10/10/2010,4500,SF,3700,PHI,visitor,1,0,0,0,0,0
2010,REG,5,2010101100,54938,10/11/2010,3430,NYJ,3000,MIN,home,1,0,0,0,0,0
2010,REG,5,2010101100,54938,10/11/2010,3430,NYJ,3000,MIN,visitor,1,0,0,0,0,0
2010,REG,6,2010101701,54946,10/17/2010,2510,STL,4400,SD,home,1,0,0,0,0,0
2010,REG,6,2010101701,54946,10/17/2010,2510,STL,4400,SD,visitor,1,0,0,0,0,0
2010,REG,6,2010101703,54945,10/17/2010,3900,PIT,1050,CLE,home,1,0,0,0,0,0
2010,REG,6,2010101703,54945,10/17/2010,3900,PIT,1050,CLE,visitor,1,0,0,0,0,0
2010,REG,6,2010101704,54941,10/17/2010,2120,HOU,2310,KC,home,1,0,0,0,0,0
2010,REG,6,2010101704,54941,10/17/2010,2120,HOU,2310,KC,visitor,1,0,0,0,0,0
2010,REG,6,2010101705,54943,10/17/2010,3410,NYG,1540,DET,home,1,0,0,0,0,0
2010,REG,6,2010101705,54943,10/17/2010,3410,NYG,1540,DET,visitor,1,0,0,0,0,0
2010,REG,6,2010101706,54944,10/17/2010,3700,PHI,0200,ATL,home,1,0,0,0,0,0
2010,REG,6,2010101706,54944,10/17/2010,3700,PHI,0200,ATL,visitor,1,0,0,0,0,0
2010,REG,6,2010101707,54939,10/17/2010,0810,CHI,4600,SEA,home,1,0,0,0,0,0
2010,REG,6,2010101707,54939,10/17/2010,0810,CHI,4600,SEA,visitor,1,0,0,0,0,0
2010,REG,6,2010101708,54947,10/17/2010,4900,TB,3300,NO,home,1,0,0,0,0,0
2010,REG,6,2010101708,54947,10/17/2010,4900,TB,3300,NO,visitor,1,0,0,0,0,0
2010,REG,6,2010101709,54948,10/17/2010,1400,DEN,3430,NYJ,home,1,0,0,0,0,0
2010,REG,6,2010101709,54948,10/17/2010,1400,DEN,3430,NYJ,visitor,1,0,0,0,0,0
2010,REG,6,2010101710,54949,10/17/2010,4500,SF,2520,OAK,home,1,0,0,0,0,0
2010,REG,6,2010101710,54949,10/17/2010,4500,SF,2520,OAK,visitor,1,0,0,0,0,0
2010,REG,6,2010101711,54950,10/17/2010,3000,MIN,1200,DAL,home,1,0,0,0,0,0
2010,REG,6,2010101711,54950,10/17/2010,3000,MIN,1200,DAL,visitor,1,0,0,0,0,0
2010,REG,6,2010101712,54951,10/17/2010,5110,WAS,2200,IND,home,1,0,0,0,0,0
2010,REG,6,2010101712,54951,10/17/2010,5110,WAS,2200,IND,visitor,1,0,0,0,0,0
2010,REG,6,2010101800,54952,10/18/2010,2250,JAX,2100,TEN,home,1,0,0,0,0,0
2010,REG,6,2010101800,54952,10/18/2010,2250,JAX,2100,TEN,visitor,1,0,0,0,0,0
2010,REG,7,2010102400,54953,10/24/2010,0200,ATL,0920,CIN,home,1,0,0,0,0,0
2010,REG,7,2010102400,54953,10/24/2010,0200,ATL,0920,CIN,visitor,1,0,0,0,0,0
2010,REG,7,2010102401,54818,10/24/2010,2700,MIA,3900,PIT,home,1,0,0,0,0,0
2010,REG,7,2010102401,54818,10/24/2010,2700,MIA,3900,PIT,visitor,1,0,0,0,0,0
2010,REG,7,2010102403,54817,10/24/2010,2310,KC,2250,JAX,home,1,0,0,0,0,0
2010,REG,7,2010102403,54817,10/24/2010,2310,KC,2250,JAX,visitor,1,0,0,0,0,0
2010,REG,7,2010102404,54819,10/24/2010,3300,NO,1050,CLE,home,1,0,0,0,0,0
2010,REG,7,2010102404,54819,10/24/2010,3300,NO,1050,CLE,visitor,1,0,0,0,0,0
2010,REG,7,2010102405,54816,10/24/2010,0810,CHI,5110,WAS,home,1,0,0,0,0,0
2010,REG,7,2010102405,54816,10/24/2010,0810,CHI,5110,WAS,visitor,1,0,0,0,0,0
2010,REG,7,2010102406,54955,10/24/2010,0750,CAR,4500,SF,home,1,0,0,0,0,0
2010,REG,7,2010102406,54955,10/24/2010,0750,CAR,4500,SF,visitor,1,0,0,0,0,0
2010,REG,7,2010102407,54820,10/24/2010,4900,TB,2510,STL,home,1,0,0,0,0,0
2010,REG,7,2010102407,54820,10/24/2010,4900,TB,2510,STL,visitor,1,0,0,0,0,0
2010,REG,7,2010102408,54821,10/24/2010,2100,TEN,3700,PHI,home,1,0,0,0,0,0
2010,REG,7,2010102408,54821,10/24/2010,2100,TEN,3700,PHI,visitor,1,0,0,0,0,0
2010,REG,7,2010102409,54822,10/24/2010,4600,SEA,3800,ARI,home,1,0,0,0,0,0
2010,REG,7,2010102409,54822,10/24/2010,4600,SEA,3800,ARI,visitor,1,0,0,0,0,0
2010,REG,7,2010102410,54823,10/24/2010,4400,SD,3200,NE,home,1,0,0,0,0,0
2010,REG,7,2010102410,54823,10/24/2010,4400,SD,3200,NE,visitor,1,0,0,0,0,0
2010,REG,7,2010102411,54824,10/24/2010,1400,DEN,2520,OAK,home,1,0,0,0,0,0
2010,REG,7,2010102411,54824,10/24/2010,1400,DEN,2520,OAK,visitor,1,0,0,0,0,0
2010,REG,7,2010102412,54825,10/24/2010,1800,GB,3000,MIN,home,1,0,0,0,0,0
2010,REG,7,2010102412,54825,10/24/2010,1800,GB,3000,MIN,visitor,1,0,0,0,0,0
2010,REG,7,2010102500,54826,10/25/2010,1200,DAL,3410,NYG,home,1,0,0,0,0,0
2010,REG,7,2010102500,54826,10/25/2010,1200,DAL,3410,NYG,visitor,1,0,0,0,0,0
2010,REG,8,2010103100,54833,10/31/2010,4500,SF,1400,DEN,home,1,0,0,0,0,0
2010,REG,8,2010103100,54833,10/31/2010,4500,SF,1400,DEN,visitor,1,0,0,0,0,0
2010,REG,8,2010103101,54828,10/31/2010,1200,DAL,2250,JAX,home,1,0,0,0,0,0
2010,REG,8,2010103101,54828,10/31/2010,1200,DAL,2250,JAX,visitor,1,0,0,0,0,0
2010,REG,8,2010103102,54827,10/31/2010,0920,CIN,2700,MIA,home,1,0,0,0,0,0
2010,REG,8,2010103102,54827,10/31/2010,0920,CIN,2700,MIA,visitor,1,0,0,0,0,0
2010,REG,8,2010103104,54829,10/31/2010,1540,DET,5110,WAS,home,1,0,0,0,0,0
2010,REG,8,2010103104,54829,10/31/2010,1540,DET,5110,WAS,visitor,1,0,0,0,0,0
2010,REG,8,2010103105,54832,10/31/2010,2510,STL,0750,CAR,home,1,0,0,0,0,0
2010,REG,8,2010103105,54832,10/31/2010,2510,STL,0750,CAR,visitor,1,0,0,0,0,0
2010,REG,8,2010103106,54831,10/31/2010,3430,NYJ,1800,GB,home,1,0,0,0,0,0
2010,REG,8,2010103106,54831,10/31/2010,3430,NYJ,1800,GB,visitor,1,0,0,0,0,0
2010,REG,8,2010103107,54834,10/31/2010,4400,SD,2100,TEN,home,1,0,0,0,0,0
2010,REG,8,2010103107,54834,10/31/2010,4400,SD,2100,TEN,visitor,1,0,0,0,0,0
2010,REG,8,2010103108,54835,10/31/2010,3200,NE,3000,MIN,home,1,0,0,0,0,0
2010,REG,8,2010103108,54835,10/31/2010,3200,NE,3000,MIN,visitor,1,0,0,0,0,0
2010,REG,8,2010103109,54837,10/31/2010,3800,ARI,4900,TB,home,1,0,0,0,0,0
2010,REG,8,2010103109,54837,10/31/2010,3800,ARI,4900,TB,visitor,1,0,0,0,0,0
2010,REG,8,2010103110,54836,10/31/2010,2520,OAK,4600,SEA,home,1,0,0,0,0,0
2010,REG,8,2010103110,54836,10/31/2010,2520,OAK,4600,SEA,visitor,1,0,0,0,0,0
2010,REG,8,2010103111,54838,10/31/2010,3300,NO,3900,PIT,home,1,0,0,0,0,0
2010,REG,8,2010103111,54838,10/31/2010,3300,NO,3900,PIT,visitor,1,0,0,0,0,0
2010,REG,8,2010110100,54839,11/01/2010,2200,IND,2120,HOU,home,1,0,0,0,0,0
2010,REG,8,2010110100,54839,11/01/2010,2200,IND,2120,HOU,visitor,1,0,0,0,0,0
2010,REG,9,2010110701,54841,11/07/2010,0325,BAL,2700,MIA,home,1,0,0,0,0,0
2010,REG,9,2010110701,54841,11/07/2010,0325,BAL,2700,MIA,visitor,1,0,0,0,0,0
2010,REG,9,2010110702,54844,11/07/2010,1050,CLE,3200,NE,home,1,0,0,0,0,0
2010,REG,9,2010110702,54844,11/07/2010,1050,CLE,3200,NE,visitor,1,0,0,0,0,0
2010,REG,9,2010110703,54846,11/07/2010,2120,HOU,4400,SD,home,1,0,0,0,0,0
2010,REG,9,2010110703,54846,11/07/2010,2120,HOU,4400,SD,visitor,1,0,0,0,0,0
2010,REG,9,2010110704,54842,11/07/2010,0610,BUF,0810,CHI,home,1,0,0,0,0,0
2010,REG,9,2010110704,54842,11/07/2010,0610,BUF,0810,CHI,visitor,1,0,0,0,0,0
2010,REG,9,2010110706,54840,11/07/2010,0200,ATL,4900,TB,home,1,0,0,0,0,0
2010,REG,9,2010110706,54840,11/07/2010,0200,ATL,4900,TB,visitor,1,0,0,0,0,0
2010,REG,9,2010110707,54843,11/07/2010,0750,CAR,3300,NO,home,1,0,0,0,0,0
2010,REG,9,2010110707,54843,11/07/2010,0750,CAR,3300,NO,visitor,1,0,0,0,0,0
2010,REG,9,2010110708,54848,11/07/2010,4600,SEA,3410,NYG,home,1,0,0,0,0,0
2010,REG,9,2010110708,54848,11/07/2010,4600,SEA,3410,NYG,visitor,1,0,0,0,0,0
2010,REG,9,2010110709,54849,11/07/2010,3700,PHI,2200,IND,home,1,0,0,0,0,0
2010,REG,9,2010110709,54849,11/07/2010,3700,PHI,2200,IND,visitor,1,0,0,0,0,0
2010,REG,9,2010110711,54851,11/07/2010,1800,GB,1200,DAL,home,1,0,0,0,0,0
2010,REG,9,2010110711,54851,11/07/2010,1800,GB,1200,DAL,visitor,1,0,0,0,0,0
2010,REG,9,2010110800,54852,11/08/2010,0920,CIN,3900,PIT,home,1,0,0,0,0,0
2010,REG,9,2010110800,54852,11/08/2010,0920,CIN,3900,PIT,visitor,1,0,0,0,0,0
2010,REG,10,2010111100,54853,11/11/2010,0200,ATL,0325,BAL,home,1,0,0,0,0,0
2010,REG,10,2010111100,54853,11/11/2010,0200,ATL,0325,BAL,visitor,1,0,0,0,0,0
2010,REG,10,2010111400,54859,11/14/2010,2700,MIA,2100,TEN,home,1,0,0,0,0,0
2010,REG,10,2010111400,54859,11/14/2010,2700,MIA,2100,TEN,visitor,1,0,0,0,0,0
2010,REG,10,2010111402,54857,11/14/2010,2200,IND,0920,CIN,home,1,0,0,0,0,0
2010,REG,10,2010111402,54857,11/14/2010,2200,IND,0920,CIN,visitor,1,0,0,0,0,0
2010,REG,10,2010111403,54858,11/14/2010,2250,JAX,2120,HOU,home,1,0,0,0,0,0
2010,REG,10,2010111403,54858,11/14/2010,2250,JAX,2120,HOU,visitor,1,0,0,0,0,0
2010,REG,10,2010111404,54855,11/14/2010,0810,CHI,3000,MIN,home,1,0,0,0,0,0
2010,REG,10,2010111404,54855,11/14/2010,0810,CHI,3000,MIN,visitor,1,0,0,0,0,0
2010,REG,10,2010111405,54860,11/14/2010,4900,TB,0750,CAR,home,1,0,0,0,0,0
2010,REG,10,2010111405,54860,11/14/2010,4900,TB,0750,CAR,visitor,1,0,0,0,0,0
2010,REG,10,2010111406,54854,11/14/2010,0610,BUF,1540,DET,home,1,0,0,0,0,0
2010,REG,10,2010111406,54854,11/14/2010,0610,BUF,1540,DET,visitor,1,0,0,0,0,0
2010,REG,10,2010111407,54861,11/14/2010,1400,DEN,2310,KC,home,1,0,0,0,0,0
2010,REG,10,2010111407,54861,11/14/2010,1400,DEN,2310,KC,visitor,1,0,0,0,0,0
2010,REG,10,2010111408,54862,11/14/2010,3410,NYG,1200,DAL,home,1,0,0,0,0,0
2010,REG,10,2010111408,54862,11/14/2010,3410,NYG,1200,DAL,visitor,1,0,0,0,0,0
2010,REG,10,2010111409,54956,11/14/2010,3800,ARI,4600,SEA,home,1,0,0,0,0,0
2010,REG,10,2010111409,54956,11/14/2010,3800,ARI,4600,SEA,visitor,1,0,0,0,0,0
2010,REG,10,2010111411,54958,11/14/2010,3900,PIT,3200,NE,home,1,0,0,0,0,0
2010,REG,10,2010111411,54958,11/14/2010,3900,PIT,3200,NE,visitor,1,0,0,0,0,0
2010,REG,10,2010111500,54959,11/15/2010,5110,WAS,3700,PHI,home,1,0,0,0,0,0
2010,REG,10,2010111500,54959,11/15/2010,5110,WAS,3700,PHI,visitor,1,0,0,0,0,0
2010,REG,11,2010111800,54960,11/18/2010,2700,MIA,0810,CHI,home,1,0,0,0,0,0
2010,REG,11,2010111800,54960,11/18/2010,2700,MIA,0810,CHI,visitor,1,0,0,0,0,0
2010,REG,11,2010112100,54961,11/21/2010,0750,CAR,0325,BAL,home,1,0,0,0,0,0
2010,REG,11,2010112100,54961,11/21/2010,0750,CAR,0325,BAL,visitor,1,0,0,0,0,0
2010,REG,11,2010112101,54967,11/21/2010,3430,NYJ,2120,HOU,home,1,0,0,0,0,0
2010,REG,11,2010112101,54967,11/21/2010,3430,NYJ,2120,HOU,visitor,1,0,0,0,0,0
2010,REG,11,2010112102,54962,11/21/2010,0920,CIN,0610,BUF,home,1,0,0,0,0,0
2010,REG,11,2010112102,54962,11/21/2010,0920,CIN,0610,BUF,visitor,1,0,0,0,0,0
2010,REG,11,2010112103,54968,11/21/2010,3900,PIT,2520,OAK,home,1,0,0,0,0,0
2010,REG,11,2010112103,54968,11/21/2010,3900,PIT,2520,OAK,visitor,1,0,0,0,0,0
2010,REG,11,2010112104,54964,11/21/2010,2250,JAX,1050,CLE,home,1,0,0,0,0,0
2010,REG,11,2010112104,54964,11/21/2010,2250,JAX,1050,CLE,visitor,1,0,0,0,0,0
2010,REG,11,2010112105,54963,11/21/2010,1200,DAL,1540,DET,home,1,0,0,0,0,0
2010,REG,11,2010112105,54963,11/21/2010,1200,DAL,1540,DET,visitor,1,0,0,0,0,0
2010,REG,11,2010112106,54966,11/21/2010,3000,MIN,1800,GB,home,1,0,0,0,0,0
2010,REG,11,2010112106,54966,11/21/2010,3000,MIN,1800,GB,visitor,1,0,0,0,0,0
2010,REG,11,2010112107,54970,11/21/2010,3300,NO,4600,SEA,home,1,0,0,0,0,0
2010,REG,11,2010112107,54970,11/21/2010,3300,NO,4600,SEA,visitor,1,0,0,0,0,0
2010,REG,11,2010112109,54965,11/21/2010,2310,KC,3800,ARI,home,1,0,0,0,0,0
2010,REG,11,2010112109,54965,11/21/2010,2310,KC,3800,ARI,visitor,1,0,0,0,0,0
2010,REG,11,2010112110,54971,11/21/2010,2510,STL,0200,ATL,home,1,0,0,0,0,0
2010,REG,11,2010112110,54971,11/21/2010,2510,STL,0200,ATL,visitor,1,0,0,0,0,0
2010,REG,11,2010112111,54972,11/21/2010,4500,SF,4900,TB,home,1,0,0,0,0,0
2010,REG,11,2010112111,54972,11/21/2010,4500,SF,4900,TB,visitor,1,0,0,0,0,0
2010,REG,11,2010112112,54973,11/21/2010,3200,NE,2200,IND,home,1,0,0,0,0,0
2010,REG,11,2010112112,54973,11/21/2010,3200,NE,2200,IND,visitor,1,0,0,0,0,0
2010,REG,11,2010112113,54974,11/21/2010,3700,PHI,3410,NYG,home,1,0,0,0,0,0
2010,REG,11,2010112113,54974,11/21/2010,3700,PHI,3410,NYG,visitor,1,0,0,0,0,0
2010,REG,11,2010112200,54975,11/22/2010,4400,SD,1400,DEN,home,1,0,0,0,0,0
2010,REG,11,2010112200,54975,11/22/2010,4400,SD,1400,DEN,visitor,1,0,0,0,0,0
2010,REG,12,2010112500,54976,11/25/2010,1540,DET,3200,NE,home,1,0,0,0,0,0
2010,REG,12,2010112500,54976,11/25/2010,1540,DET,3200,NE,visitor,1,0,0,0,0,0
2010,REG,12,2010112501,54977,11/25/2010,1200,DAL,3300,NO,home,1,0,0,0,0,0
2010,REG,12,2010112501,54977,11/25/2010,1200,DAL,3300,NO,visitor,1,0,0,0,0,0
2010,REG,12,2010112502,54978,11/25/2010,3430,NYJ,0920,CIN,home,1,0,0,0,0,0
2010,REG,12,2010112502,54978,11/25/2010,3430,NYJ,0920,CIN,visitor,1,0,0,0,0,0
2010,REG,12,2010112800,54985,11/28/2010,3410,NYG,2250,JAX,home,1,0,0,0,0,0
2010,REG,12,2010112800,54985,11/28/2010,3410,NYG,2250,JAX,visitor,1,0,0,0,0,0
2010,REG,12,2010112802,54984,11/28/2010,2120,HOU,2100,TEN,home,1,0,0,0,0,0
2010,REG,12,2010112802,54984,11/28/2010,2120,HOU,2100,TEN,visitor,1,0,0,0,0,0
2010,REG,12,2010112803,54986,11/28/2010,5110,WAS,3000,MIN,home,1,0,0,0,0,0
2010,REG,12,2010112803,54986,11/28/2010,5110,WAS,3000,MIN,visitor,1,0,0,0,0,0
2010,REG,12,2010112804,54982,11/28/2010,0810,CHI,3700,PHI,home,1,0,0,0,0,0
2010,REG,12,2010112804,54982,11/28/2010,0810,CHI,3700,PHI,visitor,1,0,0,0,0,0
2010,REG,12,2010112805,54979,11/28/2010,0200,ATL,1800,GB,home,1,0,0,0,0,0
2010,REG,12,2010112805,54979,11/28/2010,0200,ATL,1800,GB,visitor,1,0,0,0,0,0
2010,REG,12,2010112806,54980,11/28/2010,0325,BAL,4900,TB,home,1,0,0,0,0,0
2010,REG,12,2010112806,54980,11/28/2010,0325,BAL,4900,TB,visitor,1,0,0,0,0,0
2010,REG,12,2010112807,54983,11/28/2010,1050,CLE,0750,CAR,home,1,0,0,0,0,0
2010,REG,12,2010112807,54983,11/28/2010,1050,CLE,0750,CAR,visitor,1,0,0,0,0,0
2010,REG,12,2010112808,54987,11/28/2010,4600,SEA,2310,KC,home,1,0,0,0,0,0
2010,REG,12,2010112808,54987,11/28/2010,4600,SEA,2310,KC,visitor,1,0,0,0,0,0
2010,REG,12,2010112809,54988,11/28/2010,2520,OAK,2700,MIA,home,1,0,0,0,0,0
2010,REG,12,2010112809,54988,11/28/2010,2520,OAK,2700,MIA,visitor,1,0,0,0,0,0
2010,REG,12,2010112810,54989,11/28/2010,1400,DEN,2510,STL,home,1,0,0,0,0,0
2010,REG,12,2010112810,54989,11/28/2010,1400,DEN,2510,STL,visitor,1,0,0,0,0,0
2010,REG,12,2010112811,54990,11/28/2010,2200,IND,4400,SD,home,1,0,0,0,0,0
2010,REG,12,2010112811,54990,11/28/2010,2200,IND,4400,SD,visitor,1,0,0,0,0,0
2010,REG,12,2010112900,54991,11/29/2010,3800,ARI,4500,SF,home,1,0,0,0,0,0
2010,REG,12,2010112900,54991,11/29/2010,3800,ARI,4500,SF,visitor,1,0,0,0,0,0
2010,REG,13,2010120200,54992,12/02/2010,3700,PHI,2120,HOU,home,1,0,0,0,0,0
2010,REG,13,2010120200,54992,12/02/2010,3700,PHI,2120,HOU,visitor,1,0,0,0,0,0
2010,REG,13,2010120500,54998,12/05/2010,3000,MIN,0610,BUF,home,1,0,0,0,0,0
2010,REG,13,2010120500,54998,12/05/2010,3000,MIN,0610,BUF,visitor,1,0,0,0,0,0
2010,REG,13,2010120501,54997,12/05/2010,2700,MIA,1050,CLE,home,1,0,0,0,0,0
2010,REG,13,2010120501,54997,12/05/2010,2700,MIA,1050,CLE,visitor,1,0,0,0,0,0
2010,REG,13,2010120502,55001,12/05/2010,2100,TEN,2250,JAX,home,1,0,0,0,0,0
2010,REG,13,2010120502,55001,12/05/2010,2100,TEN,2250,JAX,visitor,1,0,0,0,0,0
2010,REG,13,2010120503,54996,12/05/2010,2310,KC,1400,DEN,home,1,0,0,0,0,0
2010,REG,13,2010120503,54996,12/05/2010,2310,KC,1400,DEN,visitor,1,0,0,0,0,0
2010,REG,13,2010120504,54999,12/05/2010,3410,NYG,5110,WAS,home,1,0,0,0,0,0
2010,REG,13,2010120504,54999,12/05/2010,3410,NYG,5110,WAS,visitor,1,0,0,0,0,0
2010,REG,13,2010120505,54994,12/05/2010,1540,DET,0810,CHI,home,1,0,0,0,0,0
2010,REG,13,2010120505,54994,12/05/2010,1540,DET,0810,CHI,visitor,1,0,0,0,0,0
2010,REG,13,2010120506,54995,12/05/2010,1800,GB,4500,SF,home,1,0,0,0,0,0
2010,REG,13,2010120506,54995,12/05/2010,1800,GB,4500,SF,visitor,1,0,0,0,0,0
2010,REG,13,2010120507,55000,12/05/2010,4900,TB,0200,ATL,home,1,0,0,0,0,0
2010,REG,13,2010120507,55000,12/05/2010,4900,TB,0200,ATL,visitor,1,0,0,0,0,0
2010,REG,13,2010120508,54993,12/05/2010,0920,CIN,3300,NO,home,1,0,0,0,0,0
2010,REG,13,2010120508,54993,12/05/2010,0920,CIN,3300,NO,visitor,1,0,0,0,0,0
2010,REG,13,2010120509,55002,12/05/2010,4400,SD,2520,OAK,home,1,0,0,0,0,0
2010,REG,13,2010120509,55002,12/05/2010,4400,SD,2520,OAK,visitor,1,0,0,0,0,0
2010,REG,13,2010120511,55003,12/05/2010,3800,ARI,2510,STL,home,1,0,0,0,0,0
2010,REG,13,2010120511,55003,12/05/2010,3800,ARI,2510,STL,visitor,1,0,0,0,0,0
2010,REG,13,2010120512,55005,12/05/2010,4600,SEA,0750,CAR,home,1,0,0,0,0,0
2010,REG,13,2010120512,55005,12/05/2010,4600,SEA,0750,CAR,visitor,1,0,0,0,0,0
2010,REG,13,2010120513,55006,12/05/2010,0325,BAL,3900,PIT,home,1,0,0,0,0,0
2010,REG,13,2010120513,55006,12/05/2010,0325,BAL,3900,PIT,visitor,1,0,0,0,0,0
2010,REG,13,2010120600,55007,12/06/2010,3200,NE,3430,NYJ,home,1,0,0,0,0,0
2010,REG,13,2010120600,55007,12/06/2010,3200,NE,3430,NYJ,visitor,1,0,0,0,0,0
2010,REG,14,2010120900,55008,12/09/2010,2100,TEN,2200,IND,home,1,0,0,0,0,0
2010,REG,14,2010120900,55008,12/09/2010,2100,TEN,2200,IND,visitor,1,0,0,0,0,0
2010,REG,14,2010121200,55009,12/12/2010,0810,CHI,3200,NE,home,1,0,0,0,0,0
2010,REG,14,2010121200,55009,12/12/2010,0810,CHI,3200,NE,visitor,1,0,0,0,0,0
2010,REG,14,2010121201,55010,12/12/2010,0610,BUF,1050,CLE,home,1,0,0,0,0,0
2010,REG,14,2010121201,55010,12/12/2010,0610,BUF,1050,CLE,visitor,1,0,0,0,0,0
2010,REG,14,2010121202,55011,12/12/2010,3900,PIT,0920,CIN,home,1,0,0,0,0,0
2010,REG,14,2010121202,55011,12/12/2010,3900,PIT,0920,CIN,visitor,1,0,0,0,0,0
2010,REG,14,2010121203,55012,12/12/2010,2250,JAX,2520,OAK,home,1,0,0,0,0,0
2010,REG,14,2010121203,55012,12/12/2010,2250,JAX,2520,OAK,visitor,1,0,0,0,0,0
2010,REG,14,2010121204,55013,12/12/2010,5110,WAS,4900,TB,home,1,0,0,0,0,0
2010,REG,14,2010121204,55013,12/12/2010,5110,WAS,4900,TB,visitor,1,0,0,0,0,0
2010,REG,14,2010121205,55014,12/12/2010,1540,DET,1800,GB,home,1,0,0,0,0,0
2010,REG,14,2010121205,55014,12/12/2010,1540,DET,1800,GB,visitor,1,0,0,0,0,0
2010,REG,14,2010121207,55016,12/12/2010,0750,CAR,0200,ATL,home,1,0,0,0,0,0
2010,REG,14,2010121207,55016,12/12/2010,0750,CAR,0200,ATL,visitor,1,0,0,0,0,0
2010,REG,14,2010121208,55017,12/12/2010,3300,NO,2510,STL,home,1,0,0,0,0,0
2010,REG,14,2010121208,55017,12/12/2010,3300,NO,2510,STL,visitor,1,0,0,0,0,0
2010,REG,14,2010121209,55018,12/12/2010,4500,SF,4600,SEA,home,1,0,0,0,0,0
2010,REG,14,2010121209,55018,12/12/2010,4500,SF,4600,SEA,visitor,1,0,0,0,0,0
2010,REG,14,2010121210,55020,12/12/2010,3430,NYJ,2700,MIA,home,1,0,0,0,0,0
2010,REG,14,2010121210,55020,12/12/2010,3430,NYJ,2700,MIA,visitor,1,0,0,0,0,0
2010,REG,14,2010121211,55019,12/12/2010,3800,ARI,1400,DEN,home,1,0,0,0,0,0
2010,REG,14,2010121211,55019,12/12/2010,3800,ARI,1400,DEN,visitor,1,0,0,0,0,0
2010,REG,14,2010121212,55021,12/12/2010,4400,SD,2310,KC,home,1,0,0,0,0,0
2010,REG,14,2010121212,55021,12/12/2010,4400,SD,2310,KC,visitor,1,0,0,0,0,0
2010,REG,14,2010121213,55022,12/12/2010,1200,DAL,3700,PHI,home,1,0,0,0,0,0
2010,REG,14,2010121213,55022,12/12/2010,1200,DAL,3700,PHI,visitor,1,0,0,0,0,0
2010,REG,14,2010121301,55015,12/13/2010,3000,MIN,3410,NYG,home,1,0,0,0,0,0
2010,REG,14,2010121301,55015,12/13/2010,3000,MIN,3410,NYG,visitor,1,0,0,0,0,0
2010,REG,15,2010121600,55024,12/16/2010,4400,SD,4500,SF,home,1,0,0,0,0,0
2010,REG,15,2010121600,55024,12/16/2010,4400,SD,4500,SF,visitor,1,0,0,0,0,0
2010,REG,15,2010121900,55032,12/19/2010,2510,STL,2310,KC,home,1,0,0,0,0,0
2010,REG,15,2010121900,55032,12/19/2010,2510,STL,2310,KC,visitor,1,0,0,0,0,0
2010,REG,15,2010121901,55030,12/19/2010,2700,MIA,0610,BUF,home,1,0,0,0,0,0
2010,REG,15,2010121901,55030,12/19/2010,2700,MIA,0610,BUF,visitor,1,0,0,0,0,0
2010,REG,15,2010121902,55027,12/19/2010,0920,CIN,1050,CLE,home,1,0,0,0,0,0
2010,REG,15,2010121902,55027,12/19/2010,0920,CIN,1050,CLE,visitor,1,0,0,0,0,0
2010,REG,15,2010121903,55029,12/19/2010,2200,IND,2250,JAX,home,1,0,0,0,0,0
2010,REG,15,2010121903,55029,12/19/2010,2200,IND,2250,JAX,visitor,1,0,0,0,0,0
2010,REG,15,2010121904,55034,12/19/2010,2100,TEN,2120,HOU,home,1,0,0,0,0,0
2010,REG,15,2010121904,55034,12/19/2010,2100,TEN,2120,HOU,visitor,1,0,0,0,0,0
2010,REG,15,2010121905,55028,12/19/2010,1200,DAL,5110,WAS,home,1,0,0,0,0,0
2010,REG,15,2010121905,55028,12/19/2010,1200,DAL,5110,WAS,visitor,1,0,0,0,0,0
2010,REG,15,2010121906,55031,12/19/2010,3410,NYG,3700,PHI,home,1,0,0,0,0,0
2010,REG,15,2010121906,55031,12/19/2010,3410,NYG,3700,PHI,visitor,1,0,0,0,0,0
2010,REG,15,2010121907,55026,12/19/2010,0750,CAR,3800,ARI,home,1,0,0,0,0,0
2010,REG,15,2010121907,55026,12/19/2010,0750,CAR,3800,ARI,visitor,1,0,0,0,0,0
2010,REG,15,2010121909,55025,12/19/2010,0325,BAL,3300,NO,home,1,0,0,0,0,0
2010,REG,15,2010121909,55025,12/19/2010,0325,BAL,3300,NO,visitor,1,0,0,0,0,0
2010,REG,15,2010121910,55035,12/19/2010,4600,SEA,0200,ATL,home,1,0,0,0,0,0
2010,REG,15,2010121910,55035,12/19/2010,4600,SEA,0200,ATL,visitor,1,0,0,0,0,0
2010,REG,15,2010121911,55037,12/19/2010,3900,PIT,3430,NYJ,home,1,0,0,0,0,0
2010,REG,15,2010121911,55037,12/19/2010,3900,PIT,3430,NYJ,visitor,1,0,0,0,0,0
2010,REG,15,2010121912,55036,12/19/2010,2520,OAK,1400,DEN,home,1,0,0,0,0,0
2010,REG,15,2010121912,55036,12/19/2010,2520,OAK,1400,DEN,visitor,1,0,0,0,0,0
2010,REG,15,2010121913,55038,12/19/2010,3200,NE,1800,GB,home,1,0,0,0,0,0
2010,REG,15,2010121913,55038,12/19/2010,3200,NE,1800,GB,visitor,1,0,0,0,0,0
2010,REG,15,2010122000,55039,12/20/2010,3000,MIN,0810,CHI,home,1,0,0,0,0,0
2010,REG,15,2010122000,55039,12/20/2010,3000,MIN,0810,CHI,visitor,1,0,0,0,0,0
2010,REG,16,2010122300,55040,12/23/2010,3900,PIT,0750,CAR,home,1,0,0,0,0,0
2010,REG,16,2010122300,55040,12/23/2010,3900,PIT,0750,CAR,visitor,1,0,0,0,0,0
2010,REG,16,2010122500,55041,12/25/2010,3800,ARI,1200,DAL,home,1,0,0,0,0,0
2010,REG,16,2010122500,55041,12/25/2010,3800,ARI,1200,DAL,visitor,1,0,0,0,0,0
2010,REG,16,2010122600,55043,12/26/2010,0810,CHI,3430,NYJ,home,1,0,0,0,0,0
2010,REG,16,2010122600,55043,12/26/2010,0810,CHI,3430,NYJ,visitor,1,0,0,0,0,0
2010,REG,16,2010122601,55042,12/26/2010,0610,BUF,3200,NE,home,1,0,0,0,0,0
2010,REG,16,2010122601,55042,12/26/2010,0610,BUF,3200,NE,visitor,1,0,0,0,0,0
2010,REG,16,2010122602,55044,12/26/2010,1050,CLE,0325,BAL,home,1,0,0,0,0,0
2010,REG,16,2010122602,55044,12/26/2010,1050,CLE,0325,BAL,visitor,1,0,0,0,0,0
2010,REG,16,2010122603,55046,12/26/2010,2310,KC,2100,TEN,home,1,0,0,0,0,0
2010,REG,16,2010122603,55046,12/26/2010,2310,KC,2100,TEN,visitor,1,0,0,0,0,0
2010,REG,16,2010122605,55050,12/26/2010,4900,TB,4600,SEA,home,1,0,0,0,0,0
2010,REG,16,2010122605,55050,12/26/2010,4900,TB,4600,SEA,visitor,1,0,0,0,0,0
2010,REG,16,2010122606,55049,12/26/2010,2510,STL,4500,SF,home,1,0,0,0,0,0
2010,REG,16,2010122606,55049,12/26/2010,2510,STL,4500,SF,visitor,1,0,0,0,0,0
2010,REG,16,2010122607,55047,12/26/2010,2700,MIA,1540,DET,home,1,0,0,0,0,0
2010,REG,16,2010122607,55047,12/26/2010,2700,MIA,1540,DET,visitor,1,0,0,0,0,0
2010,REG,16,2010122609,55051,12/26/2010,1400,DEN,2120,HOU,home,1,0,0,0,0,0
2010,REG,16,2010122609,55051,12/26/2010,1400,DEN,2120,HOU,visitor,1,0,0,0,0,0
2010,REG,16,2010122610,55052,12/26/2010,2520,OAK,2200,IND,home,1,0,0,0,0,0
2010,REG,16,2010122610,55052,12/26/2010,2520,OAK,2200,IND,visitor,1,0,0,0,0,0
2010,REG,16,2010122611,55053,12/26/2010,1800,GB,3410,NYG,home,1,0,0,0,0,0
2010,REG,16,2010122611,55053,12/26/2010,1800,GB,3410,NYG,visitor,1,0,0,0,0,0
2010,REG,16,2010122612,55054,12/26/2010,0920,CIN,4400,SD,home,1,0,0,0,0,0
2010,REG,16,2010122612,55054,12/26/2010,0920,CIN,4400,SD,visitor,1,0,0,0,0,0
2010,REG,16,2010122700,55055,12/27/2010,0200,ATL,3300,NO,home,1,0,0,0,0,0
2010,REG,16,2010122700,55055,12/27/2010,0200,ATL,3300,NO,visitor,1,0,0,0,0,0
2010,REG,16,2010122800,55048,12/28/2010,3700,PHI,3000,MIN,home,1,0,0,0,0,0
2010,REG,16,2010122800,55048,12/28/2010,3700,PHI,3000,MIN,visitor,1,0,0,0,0,0
2010,REG,17,2011010200,55064,01/02/2011,3200,NE,2700,MIA,home,1,0,0,0,0,0
2010,REG,17,2011010200,55064,01/02/2011,3200,NE,2700,MIA,visitor,1,0,0,0,0,0
2010,REG,17,2011010201,55066,01/02/2011,3430,NYJ,0610,BUF,home,1,0,0,0,0,0
2010,REG,17,2011010201,55066,01/02/2011,3430,NYJ,0610,BUF,visitor,1,0,0,0,0,0
2010,REG,17,2011010202,55057,01/02/2011,0325,BAL,0920,CIN,home,1,0,0,0,0,0
2010,REG,17,2011010202,55057,01/02/2011,0325,BAL,0920,CIN,visitor,1,0,0,0,0,0
2010,REG,17,2011010203,55058,01/02/2011,1050,CLE,3900,PIT,home,1,0,0,0,0,0
2010,REG,17,2011010203,55058,01/02/2011,1050,CLE,3900,PIT,visitor,1,0,0,0,0,0
2010,REG,17,2011010204,55061,01/02/2011,2120,HOU,2250,JAX,home,1,0,0,0,0,0
2010,REG,17,2011010204,55061,01/02/2011,2120,HOU,2250,JAX,visitor,1,0,0,0,0,0
2010,REG,17,2011010205,55062,01/02/2011,2200,IND,2100,TEN,home,1,0,0,0,0,0
2010,REG,17,2011010205,55062,01/02/2011,2200,IND,2100,TEN,visitor,1,0,0,0,0,0
2010,REG,17,2011010206,55063,01/02/2011,2310,KC,2520,OAK,home,1,0,0,0,0,0
2010,REG,17,2011010206,55063,01/02/2011,2310,KC,2520,OAK,visitor,1,0,0,0,0,0
2010,REG,17,2011010207,55067,01/02/2011,3700,PHI,1200,DAL,home,1,0,0,0,0,0
2010,REG,17,2011010207,55067,01/02/2011,3700,PHI,1200,DAL,visitor,1,0,0,0,0,0
2010,REG,17,2011010208,55068,01/02/2011,5110,WAS,3410,NYG,home,1,0,0,0,0,0
2010,REG,17,2011010208,55068,01/02/2011,5110,WAS,3410,NYG,visitor,1,0,0,0,0,0
2010,REG,17,2011010209,55059,01/02/2011,1540,DET,3000,MIN,home,1,0,0,0,0,0
2010,REG,17,2011010209,55059,01/02/2011,1540,DET,3000,MIN,visitor,1,0,0,0,0,0
2010,REG,17,2011010210,55060,01/02/2011,1800,GB,0810,CHI,home,1,0,0,0,0,0
2010,REG,17,2011010210,55060,01/02/2011,1800,GB,0810,CHI,visitor,1,0,0,0,0,0
2010,REG,17,2011010211,55056,01/02/2011,0200,ATL,0750,CAR,home,1,0,0,0,0,0
2010,REG,17,2011010211,55056,01/02/2011,0200,ATL,0750,CAR,visitor,1,0,0,0,0,0
2010,REG,17,2011010212,55065,01/02/2011,3300,NO,4900,TB,home,1,0,0,0,0,0
2010,REG,17,2011010212,55065,01/02/2011,3300,NO,4900,TB,visitor,1,0,0,0,0,0
2010,REG,17,2011010213,55069,01/02/2011,1400,DEN,4400,SD,home,1,0,0,0,0,0
2010,REG,17,2011010213,55069,01/02/2011,1400,DEN,4400,SD,visitor,1,0,0,0,0,0
2010,REG,17,2011010214,55070,01/02/2011,4500,SF,3800,ARI,home,1,0,0,0,0,0
2010,REG,17,2011010214,55070,01/02/2011,4500,SF,3800,ARI,visitor,1,0,0,0,0,0
2010,REG,17,2011010215,55071,01/02/2011,4600,SEA,2510,STL,home,1,0,0,0,0,0
2010,REG,17,2011010215,55071,01/02/2011,4600,SEA,2510,STL,visitor,1,0,0,0,0,0
2010,POST,18,2011010800,55152,01/08/2011,2200,IND,3430,NYJ,home,1,0,0,0,0,0
2010,POST,18,2011010800,55152,01/08/2011,2200,IND,3430,NYJ,visitor,1,0,0,0,0,0
2010,POST,18,2011010801,55151,01/08/2011,4600,SEA,3300,NO,home,1,0,0,0,0,0
2010,POST,18,2011010801,55151,01/08/2011,4600,SEA,3300,NO,visitor,1,0,0,0,0,0
2010,POST,18,2011010900,55153,01/09/2011,2310,KC,0325,BAL,home,1,0,0,0,0,0
2010,POST,18,2011010900,55153,01/09/2011,2310,KC,0325,BAL,visitor,1,0,0,0,0,0
2010,POST,18,2011010901,55154,01/09/2011,3700,PHI,1800,GB,home,1,0,0,0,0,0
2010,POST,18,2011010901,55154,01/09/2011,3700,PHI,1800,GB,visitor,1,0,0,0,0,0
2010,POST,19,2011011500,55156,01/15/2011,3900,PIT,0325,BAL,home,1,0,0,0,0,0
2010,POST,19,2011011500,55156,01/15/2011,3900,PIT,0325,BAL,visitor,1,0,0,0,0,0
2010,POST,19,2011011501,55157,01/15/2011,0200,ATL,1800,GB,home,1,0,0,0,0,0
2010,POST,19,2011011501,55157,01/15/2011,0200,ATL,1800,GB,visitor,1,0,0,0,0,0
2010,POST,19,2011011600,55159,01/16/2011,3200,NE,3430,NYJ,home,1,0,0,0,0,0
2010,POST,19,2011011600,55159,01/16/2011,3200,NE,3430,NYJ,visitor,1,0,0,0,0,0
2010,POST,19,2011011601,55158,01/16/2011,0810,CHI,4600,SEA,home,1,0,0,0,0,0
2010,POST,19,2011011601,55158,01/16/2011,0810,CHI,4600,SEA,visitor,1,0,0,0,0,0
2010,POST,20,2011012300,55161,01/23/2011,3900,PIT,3430,NYJ,home,1,0,0,0,0,0
2010,POST,20,2011012300,55161,01/23/2011,3900,PIT,3430,NYJ,visitor,1,0,0,0,0,0
2010,POST,20,2011012301,55160,01/23/2011,0810,CHI,1800,GB,home,1,0,0,0,0,0
2010,POST,20,2011012301,55160,01/23/2011,0810,CHI,1800,GB,visitor,1,0,0,0,0,0
2010,PRO,21,2011013000,55163,01/30/2011,8700,NFC,8600,AFC,home,1,0,0,0,0,0
2010,PRO,21,2011013000,55163,01/30/2011,8700,NFC,8600,AFC,visitor,1,0,0,0,0,0
2010,POST,22,2011020600,55162,02/06/2011,1800,GB,3900,PIT,home,1,0,0,0,0,0
2010,POST,22,2011020600,55162,02/06/2011,1800,GB,3900,PIT,visitor,1,0,0,0,0,0
